Workbook
Name StatusOptions_33: [1]Hidden_Options_33!$A$1:$A$2

Sheet 职能部门ERP操作汇总
A1: 序号 | B1: 部门 | C1: 部门总人数 | D1: 参与人数 | E1: 发起流程总数 | F1: 审批流程总数 | G1: 处理时间（分钟） | H1: 驳回次数 | I1: 有效评论次数
A2: =ROW()-1 -> 1 | B2: HSE部 | C2: =COUNTIFS(职能部门人员台账!A:A,B2) -> 6 | D2: 4 | E2: =SUMIFS(职能部门人员ERP操作!E:E,职能部门人员ERP操作!A:A,B2,职能部门人员ERP操作!D:D,"发起者") -> 65 | F2: =SUMIFS(职能部门人员ERP操作!E:E,职能部门人员ERP操作!A:A,B2,职能部门人员ERP操作!D:D,"*审批*") -> 4230 | G2: =SUMIFS(职能部门人员ERP操作!F:F,职能部门人员ERP操作!A:A,B2) -> 1946295 | H2: =SUMIFS(职能部门人员ERP操作!G:G,职能部门人员ERP操作!A:A,B2) -> 28 | I2: =SUMIFS(职能部门人员ERP操作!H:H,职能部门人员ERP操作!A:A,B2) -> 40
A3: =ROW()-1 -> 2 | B3: 待岗人员 | C3: =COUNTIFS(职能部门人员台账!A:A,B3) -> 15 | D3: 6 | E3: =SUMIFS(职能部门人员ERP操作!E:E,职能部门人员ERP操作!A:A,B3,职能部门人员ERP操作!D:D,"发起者") -> 121 | F3: =SUMIFS(职能部门人员ERP操作!E:E,职能部门人员ERP操作!A:A,B3,职能部门人员ERP操作!D:D,"*审批*") -> 965 | G3: =SUMIFS(职能部门人员ERP操作!F:F,职能部门人员ERP操作!A:A,B3) -> 913705 | H3: =SUMIFS(职能部门人员ERP操作!G:G,职能部门人员ERP操作!A:A,B3) -> 1 | I3: =SUMIFS(职能部门人员ERP操作!H:H,职能部门人员ERP操作!A:A,B3) -> 2
A4: =ROW()-1 -> 3 | B4: 公司领导 | C4: =COUNTIFS(职能部门人员台账!A:A,B4) -> 10 | D4: 10 | E4: =SUMIFS(职能部门人员ERP操作!E:E,职能部门人员ERP操作!A:A,B4,职能部门人员ERP操作!D:D,"发起者") -> 44 | F4: =SUMIFS(职能部门人员ERP操作!E:E,职能部门人员ERP操作!A:A,B4,职能部门人员ERP操作!D:D,"*审批*") -> 40026 | G4: =SUMIFS(职能部门人员ERP操作!F:F,职能部门人员ERP操作!A:A,B4) -> 25164981 | H4: =SUMIFS(职能部门人员ERP操作!G:G,职能部门人员ERP操作!A:A,B4) -> 721 | I4: =SUMIFS(职能部门人员ERP操作!H:H,职能部门人员ERP操作!A:A,B4) -> 1011
A5: =ROW()-1 -> 4 | B5: 海外事业部 | C5: =COUNTIFS(职能部门人员台账!A:A,B5) -> 10 | D5: 10 | E5: =SUMIFS(职能部门人员ERP操作!E:E,职能部门人员ERP操作!A:A,B5,职能部门人员ERP操作!D:D,"发起者") -> 61 | F5: =SUMIFS(职能部门人员ERP操作!E:E,职能部门人员ERP操作!A:A,B5,职能部门人员ERP操作!D:D,"*审批*") -> 1929 | G5: =SUMIFS(职能部门人员ERP操作!F:F,职能部门人员ERP操作!A:A,B5) -> 565947 | H5: =SUMIFS(职能部门人员ERP操作!G:G,职能部门人员ERP操作!A:A,B5) -> 11 | I5: =SUMIFS(职能部门人员ERP操作!H:H,职能部门人员ERP操作!A:A,B5) -> 34
A6: =ROW()-1 -> 5 | B6: 合同管理部 | C6: =COUNTIFS(职能部门人员台账!A:A,B6) -> 8 | D6: 7 | E6: =SUMIFS(职能部门人员ERP操作!E:E,职能部门人员ERP操作!A:A,B6,职能部门人员ERP操作!D:D,"发起者") -> 2837 | F6: =SUMIFS(职能部门人员ERP操作!E:E,职能部门人员ERP操作!A:A,B6,职能部门人员ERP操作!D:D,"*审批*") -> 26889 | G6: =SUMIFS(职能部门人员ERP操作!F:F,职能部门人员ERP操作!A:A,B6) -> 73769892 | H6: =SUMIFS(职能部门人员ERP操作!G:G,职能部门人员ERP操作!A:A,B6) -> 1427 | I6: =SUMIFS(职能部门人员ERP操作!H:H,职能部门人员ERP操作!A:A,B6) -> 8501
A7: =ROW()-1 -> 6 | B7: 技术质量部 | C7: =COUNTIFS(职能部门人员台账!A:A,B7) -> 10 | D7: 9 | E7: =SUMIFS(职能部门人员ERP操作!E:E,职能部门人员ERP操作!A:A,B7,职能部门人员ERP操作!D:D,"发起者") -> 48 | F7: =SUMIFS(职能部门人员ERP操作!E:E,职能部门人员ERP操作!A:A,B7,职能部门人员ERP操作!D:D,"*审批*") -> 3544 | G7: =SUMIFS(职能部门人员ERP操作!F:F,职能部门人员ERP操作!A:A,B7) -> 1752929 | H7: =SUMIFS(职能部门人员ERP操作!G:G,职能部门人员ERP操作!A:A,B7) -> 330 | I7: =SUMIFS(职能部门人员ERP操作!H:H,职能部门人员ERP操作!A:A,B7) -> 407
A8: =ROW()-1 -> 7 | B8: 技术中心 | C8: =COUNTIFS(职能部门人员台账!A:A,B8) -> 23 | D8: 14 | E8: =SUMIFS(职能部门人员ERP操作!E:E,职能部门人员ERP操作!A:A,B8,职能部门人员ERP操作!D:D,"发起者") -> 656 | F8: =SUMIFS(职能部门人员ERP操作!E:E,职能部门人员ERP操作!A:A,B8,职能部门人员ERP操作!D:D,"*审批*") -> 4272 | G8: =SUMIFS(职能部门人员ERP操作!F:F,职能部门人员ERP操作!A:A,B8) -> 21581216 | H8: =SUMIFS(职能部门人员ERP操作!G:G,职能部门人员ERP操作!A:A,B8) -> 174 | I8: =SUMIFS(职能部门人员ERP操作!H:H,职能部门人员ERP操作!A:A,B8) -> 529
A9: =ROW()-1 -> 8 | B9: 人力资源部 | C9: =COUNTIFS(职能部门人员台账!A:A,B9) -> 7 | D9: 7 | E9: =SUMIFS(职能部门人员ERP操作!E:E,职能部门人员ERP操作!A:A,B9,职能部门人员ERP操作!D:D,"发起者") -> 484 | F9: =SUMIFS(职能部门人员ERP操作!E:E,职能部门人员ERP操作!A:A,B9,职能部门人员ERP操作!D:D,"*审批*") -> 8890 | G9: =SUMIFS(职能部门人员ERP操作!F:F,职能部门人员ERP操作!A:A,B9) -> 7670723 | H9: =SUMIFS(职能部门人员ERP操作!G:G,职能部门人员ERP操作!A:A,B9) -> 233 | I9: =SUMIFS(职能部门人员ERP操作!H:H,职能部门人员ERP操作!A:A,B9) -> 717
A10: =ROW()-1 -> 9 | B10: 审计部 | C10: =COUNTIFS(职能部门人员台账!A:A,B10) -> 2 | D10: 1 | E10: =SUMIFS(职能部门人员ERP操作!E:E,职能部门人员ERP操作!A:A,B10,职能部门人员ERP操作!D:D,"发起者") -> 61 | F10: =SUMIFS(职能部门人员ERP操作!E:E,职能部门人员ERP操作!A:A,B10,职能部门人员ERP操作!D:D,"*审批*") -> 9704 | G10: =SUMIFS(职能部门人员ERP操作!F:F,职能部门人员ERP操作!A:A,B10) -> 3089524 | H10: =SUMIFS(职能部门人员ERP操作!G:G,职能部门人员ERP操作!A:A,B10) -> 178 | I10: =SUMIFS(职能部门人员ERP操作!H:H,职能部门人员ERP操作!A:A,B10) -> 379
A11: =ROW()-1 -> 10 | B11: 市场开发部 | C11: =COUNTIFS(职能部门人员台账!A:A,B11) -> 22 | D11: 14 | E11: =SUMIFS(职能部门人员ERP操作!E:E,职能部门人员ERP操作!A:A,B11,职能部门人员ERP操作!D:D,"发起者") -> 252 | F11: =SUMIFS(职能部门人员ERP操作!E:E,职能部门人员ERP操作!A:A,B11,职能部门人员ERP操作!D:D,"*审批*") -> 12115 | G11: =SUMIFS(职能部门人员ERP操作!F:F,职能部门人员ERP操作!A:A,B11) -> 3537751 | H11: =SUMIFS(职能部门人员ERP操作!G:G,职能部门人员ERP操作!A:A,B11) -> 84 | I11: =SUMIFS(职能部门人员ERP操作!H:H,职能部门人员ERP操作!A:A,B11) -> 154
A12: =ROW()-1 -> 11 | B12: 物资部 | C12: =COUNTIFS(职能部门人员台账!A:A,B12) -> 11 | D12: 11 | E12: =SUMIFS(职能部门人员ERP操作!E:E,职能部门人员ERP操作!A:A,B12,职能部门人员ERP操作!D:D,"发起者") -> 738 | F12: =SUMIFS(职能部门人员ERP操作!E:E,职能部门人员ERP操作!A:A,B12,职能部门人员ERP操作!D:D,"*审批*") -> 18608 | G12: =SUMIFS(职能部门人员ERP操作!F:F,职能部门人员ERP操作!A:A,B12) -> 10887835 | H12: =SUMIFS(职能部门人员ERP操作!G:G,职能部门人员ERP操作!A:A,B12) -> 1178 | I12: =SUMIFS(职能部门人员ERP操作!H:H,职能部门人员ERP操作!A:A,B12) -> 1745
A13: =ROW()-1 -> 12 | B13: 项目管理公司 | C13: =COUNTIFS(职能部门人员台账!A:A,B13) -> 30 | D13: 22 | E13: =SUMIFS(职能部门人员ERP操作!E:E,职能部门人员ERP操作!A:A,B13,职能部门人员ERP操作!D:D,"发起者") -> 885 | F13: =SUMIFS(职能部门人员ERP操作!E:E,职能部门人员ERP操作!A:A,B13,职能部门人员ERP操作!D:D,"*审批*") -> 14424 | G13: =SUMIFS(职能部门人员ERP操作!F:F,职能部门人员ERP操作!A:A,B13) -> 5310149 | H13: =SUMIFS(职能部门人员ERP操作!G:G,职能部门人员ERP操作!A:A,B13) -> 621 | I13: =SUMIFS(职能部门人员ERP操作!H:H,职能部门人员ERP操作!A:A,B13) -> 1261
... A16: =ROW()-1 -> 15 | B16: 综合办公室 | C16: =COUNTIFS(职能部门人员台账!A:A,B16) -> 20 | D16: 10 | E16: =SUMIFS(职能部门人员ERP操作!E:E,职能部门人员ERP操作!A:A,B16,职能部门人员ERP操作!D:D,"发起者") -> 207 | F16: =SUMIFS(职能部门人员ERP操作!E:E,职能部门人员ERP操作!A:A,B16,职能部门人员ERP操作!D:D,"*审批*") -> 10855 | G16: =SUMIFS(职能部门人员ERP操作!F:F,职能部门人员ERP操作!A:A,B16) -> 144947571 | H16: =SUMIFS(职能部门人员ERP操作!G:G,职能部门人员ERP操作!A:A,B16) -> 70 | I16: =SUMIFS(职能部门人员ERP操作!H:H,职能部门人员ERP操作!A:A,B16) -> 387
B17: 合计 | C17: =SUM(C2:C16) -> 208 | D17: =SUM(D2:D16) -> 159 | E17: =SUM(E2:E16) -> 10294 | F17: =SUM(F2:F16) -> 296177 | G17: =SUM(G2:G16) -> 735734759 | H17: =SUM(H2:H16) -> 8243 | I17: =SUM(I2:I16) -> 20734

Sheet 职能部门人员ERP操作
A1: 部门 | B1: 人员名称 | C1: 是否机关 | D1: 参与类型 | E1: 参与流程数量 | F1: 处理时间（分钟） | G1: 驳回次数 | H1: 有效评论次数
A2: HSE部 | B2: 韩邢轩 | C2: 公司机关 | D2: 参与审批者 | E2: 24 | F2: 6374 | G2: 0 | H2: 0
A3: HSE部 | B3: 韩邢轩 | C3: 公司机关 | D3: 发起者 | E3: 5 | F3: 588 | G3: 0 | H3: 1
A4: HSE部 | B4: 刘少兵 | C4: 公司机关 | D4: 参与审批者 | E4: 3405 | F4: 1331324 | G4: 21 | H4: 28
A5: HSE部 | B5: 刘少兵 | C5: 公司机关 | D5: 发起者 | E5: 21 | F5: 1219 | G5: 0 | H5: 0
A6: HSE部 | B6: 薛慧 | C6: 公司机关 | D6: 参与审批者 | E6: 653 | F6: 511612 | G6: 7 | H6: 10
A7: HSE部 | B7: 薛慧 | C7: 公司机关 | D7: 发起者 | E7: 37 | F7: 23671 | G7: 0 | H7: 1
A8: HSE部 | B8: 张衡博 | C8: 公司机关 | D8: 参与审批者 | E8: 148 | F8: 63111 | G8: 0 | H8: 0
A9: HSE部 | B9: 张衡博 | C9: 公司机关 | D9: 发起者 | E9: 2 | F9: 8396 | G9: 0 | H9: 0
A10: 待岗人员 | B10: 何永欣 | C10: 公司机关 | D10: 参与审批者 | E10: 2 | F10: 179 | G10: 0 | H10: 0
A11: 待岗人员 | B11: 梁鑫 | C11: 公司机关 | D11: 参与审批者 | E11: 345 | F11: 5961 | G11: 0 | H11: 0
A12: 待岗人员 | B12: 梁鑫 | C12: 公司机关 | D12: 发起者 | E12: 100 | F12: 9 | G12: 0 | H12: 0
A13: 待岗人员 | B13: 沙永忠 | C13: 公司机关 | D13: 参与审批者 | E13: 27 | F13: 23557 | G13: 0 | H13: 0
... A275: 综合办公室 | B275: 赵乐 | C275: 公司机关 | D275: 发起者 | E275: 2 | F275: 28 | G275: 0 | H275: 0

Sheet 职能部门人员台账
A1: 部门 | B1: 姓名 | C1: 性别 | D1: 身份证 | E1: 职位 | F1: 出生日期 | G1: 年龄 | H1: 参加工作时间 | I1: 到本单位时间 | J1: 人员类别 | K1: 籍贯 | L1: 联系电话 | M1: 学历 | N1: 专业 | O1: 毕业学校 | P1: 毕业时间 | Q1: 出资人代表标识 | R1: 员工身份 | S1: 政治面貌 | T1: 创建人 | U1: 拥有者(必填) | V1: 所属部门(必填) | W1: 创建时间 | X1: 修改时间 | Y1: 数据状态 | Z1: 单位 | AA1: 家庭住址 | AB1: 是否完成提交-2025 | AC1: 辅助控件-是 | AD1: 群众测评是否完成提交-2025 | AE1: 高层领导 | AF1: 部门-原始 | AG1: ERP人员台账id | AH1: 个人是/否 | AI1: 是否在职 | AJ1: ERP人员编号 | AK1: 在职状态
A2: 信息化中心 | B2: 杨荣康 | C2: 男 | D2: 32118319970712481X | E2: 技术助理(一) | F2: 1997-07 | G2: 29 | H2: 2019-09-01 | I2: 2026-01-01 | J2: 专业技术 | K2: 江苏省句容市 | L2: 18173575050 | M2: 本科 | N2: 其他 | O2: 南京理工大学泰州学院 | P2: 2019-06-30 | R2: 干部 | S2: 群众 | T2: 陈苏宁 | U2: 陈苏宁 | V2: 管理创新研究室 | W2: 2026-05-07 14:36:41 | X2: 2026-05-07 14:36:41 | Y2: 已生效 | Z2: 南京南化建设有限公司 | AA2: 江苏省镇江市句容市 | AC2: 是 | AF2: 信息化中心 | AH2: 否 | AI2: 是 | AK2: 在职
A3: 技术中心 | B3: 杨莉娟 | C3: 女 | D3: 340302199004160027 | E3: 技术助理(一) | F3: 1990-04 | G3: 36 | H3: 2013-11-01 | I3: 2026-03-09 | J3: 专业技术 | K3: 安徽蚌埠市 | L3: 17721022695 | M3: 本科 | O3: 武汉工程大学 | P3: 2013-06-30 | R3: 干部 | T3: 陈苏宁 | U3: 陈苏宁 | V3: 管理创新研究室 | W3: 2026-05-07 14:36:41 | X3: 2026-05-07 14:36:41 | Y3: 已生效 | Z3: 南京南化建设有限公司 | AA3: 南京市六合区山居花园兰苑7栋2002 | AC3: 是 | AF3: 技术中心 | AH3: 否 | AI3: 是 | AK3: 在职
A4: 综合办公室 | B4: 张明 | C4: 男 | D4: 320112196710290413 | E4: 辅助工种高级工 | F4: 1967-10 | G4: 58 | H4: 1985-12-01 | I4: 1985-12-01 | J4: 技能操作 | K4: 江苏省南京市 | L4: 15996454089 | M4: 技校 | N4: 铆工 | P4: 1983-07-01 | Q4: 股东 | R4: 工人 | S4: 群众 | T4: 陈苏宁 | U4: 陈苏宁 | V4: 管理创新研究室 | W4: 2025-12-26 16:53:23 | X4: 2026-03-23 14:36:53 | Y4: 已生效 | Z4: 南京南化建设有限公司 | AA4: 江苏省 南京市 六合区 大厂街道南京南化建设有限公司(慈善幸福路) | AB4: 是 | AC4: 是 | AD4: 是 | AF4: 经理办公室 | AG4: C13F5F4B-A964-3B2F-76CC-E3F0B1CEF939 | AH4: 否 | AJ4: 1985005 | AK4: 在职
A5: 公司领导 | B5: 武光 | C5: 男 | D5: 320112196004110410 | E5: 党委书记 | F5: 1960-04 | G5: 65 | H5: 1982-08-01 | I5: 1978-01-01 | J5: 经营管理 | M5: 本科 | N5: 化机 | O5: 江苏石油化工学院 | P5: 1982-07-01 | Q5: 股东 | R5: 干部 | S5: 党员 | T5: 陈苏宁 | U5: 陈苏宁 | V5: 管理创新研究室 | W5: 2025-12-26 16:53:23 | X5: 2026-05-07 10:32:13 | Y5: 已生效 | Z5: 南京南化建设有限公司 | AB5: 否 | AC5: 是 | AD5: 否 | AF5: 公司领导 | AG5: AA0EB73B-26D7-4E5B-BCFC-3C9F489C3E57 | AH5: 否 | AJ5: 1978008 | AK5: 在职
A6: 物资部 | B6: 王仁斌 | C6: 男 | D6: 320112196710260417 | E6: 主要工种高级工 | F6: 1967-10 | G6: 58 | H6: 1986-05-01 | I6: 1986-05-01 | J6: 技能操作 | K6: 江苏省 | L6: 13813914682 | M6: 初中 | N6: 电焊工 | Q6: 股东 | R6: 工人 | S6: 群众 | T6: 陈苏宁 | U6: 陈苏宁 | V6: 管理创新研究室 | W6: 2025-12-26 16:53:23 | X6: 2026-03-20 17:24:45 | Y6: 已生效 | Z6: 南京南化建设有限公司 | AA6: 江苏省 南京市 六合区 沿江工业开发区凤凰南路172号 | AB6: 是 | AC6: 是 | AD6: 是 | AF6: 物资部 | AG6: 19B050FE-4835-9B0E-87E1-1356F8563E45 | AH6: 否 | AJ6: 1986010 | AK6: 在职
A7: 综合办公室 | B7: 陈庆忠 | C7: 男 | D7: 320112196810060412 | E7: 主要工种高级工 | F7: 1968-10 | G7: 57 | H7: 1984-12-01 | I7: 1984-12-01 | J7: 技能操作 | K7: 江苏省 | L7: 13851877629 | M7: 初中 | N7: 电焊工 | P7: 1970-01-01 | Q7: 股东 | R7: 工人 | S7: 群众 | T7: 陈苏宁 | U7: 陈苏宁 | V7: 管理创新研究室 | W7: 2025-12-26 16:53:23 | X7: 2026-03-23 14:36:55 | Y7: 已生效 | Z7: 南京南化建设有限公司 | AA7: 江苏省 南京市 六合区 大厂街道南京南化建设有限公司(慈善幸福路) | AB7: 是 | AC7: 是 | AD7: 是 | AF7: 经理办公室 | AG7: DBD1B9FF-E20B-55E5-C496-9415951B9C57 | AH7: 否 | AJ7: 1984001 | AK7: 在职
A8: 综合办公室 | B8: 许聚宝 | C8: 男 | D8: 320112196911240412 | E8: 辅助工种高级工 | F8: 1969-11 | G8: 56 | H8: 1984-12-01 | I8: 1984-12-01 | J8: 技能操作 | K8: 天津市 | L8: 15951645179 | M8: 初中 | N8: 电焊工 | P8: 1970-01-01 | Q8: 股东 | R8: 工人 | S8: 群众 | T8: 陈苏宁 | U8: 陈苏宁 | V8: 管理创新研究室 | W8: 2025-12-26 16:53:23 | X8: 2026-03-23 14:36:57 | Y8: 已生效 | Z8: 南京南化建设有限公司 | AA8: 江苏省 南京市 六合区 | AB8: 是 | AC8: 是 | AD8: 是 | AF8: 经理办公室 | AG8: 21CADA49-CAA9-86AB-D73B-C266A70AB7C7 | AH8: 否 | AJ8: 1984018 | AK8: 在职
A9: 项目管理公司 | B9: 董家明 | C9: 男 | D9: 320112196603020418 | E9: 业务主办B | F9: 1966-03 | G9: 59 | H9: 1984-12-01 | I9: 1984-12-01 | J9: 专业技术 | L9: 13770816352 | M9: 初中 | N9: 安全员 | P9: 1981-06-30 | Q9: 股东 | R9: 干部 | S9: 群众 | T9: 陈苏宁 | U9: 陈苏宁 | V9: 管理创新研究室 | W9: 2025-12-26 16:53:23 | X9: 2026-03-23 14:36:58 | Y9: 已生效 | Z9: 南京南化建设有限公司 | AA9: 江苏省 南京市 六合区 杨庄北村16栋 | AB9: 是 | AC9: 是 | AD9: 是 | AF9: 合同管理部 | AG9: 0FFD246C-32CE-3289-3AD8-66B73CD2AA7E | AH9: 否 | AJ9: 1984003 | AK9: 在职
A10: 项目管理公司 | B10: 刘豪 | C10: 男 | D10: 320112196806160410 | E10: 中层正职(一类) | F10: 1968-06 | G10: 57 | H10: 1988-07-01 | I10: 1988-07-01 | J10: 经营管理 | L10: 13851588621 | M10: 本科 | N10: 化机 | O10: 江苏省自学考试中心 | P10: 2020-01-10 | Q10: 股东 | R10: 干部 | S10: 党员 | T10: 陈苏宁 | U10: 陈苏宁 | V10: 管理创新研究室 | W10: 2025-12-26 16:53:22 | X10: 2026-03-23 14:37:02 | Y10: 已生效 | Z10: 南京南化建设有限公司 | AA10: 江苏省 南京市 六合区 化建新一村49栋603 | AB10: 是 | AC10: 是 | AD10: 是 | AE10: 周小明 | AF10: 合同管理部 | AG10: 5CB6C770-6BA1-7C0C-B2C4-8A58B2FE8333 | AH10: 否 | AJ10: 1988007 | AK10: 在职
A11: 合同管理部 | B11: 倪铭琦 | C11: 男 | D11: 320112197208130478 | E11: 专业工程师 | F11: 1972-08 | G11: 53 | H11: 1989-08-01 | I11: 1989-08-01 | J11: 专业技术 | K11: 江苏省南京市六合区 | L11: 13951793059 | M11: 大专 | N11: 土建 | O11: 扬州大学 | P11: 2003-12-30 | Q11: 股东 | R11: 干部 | S11: 群众 | T11: 陈苏宁 | U11: 陈苏宁 | V11: 管理创新研究室 | W11: 2025-12-26 16:53:22 | X11: 2026-03-20 17:24:54 | Y11: 已生效 | Z11: 南京南化建设有限公司 | AA11: 江苏省 南京市 六合区 荣盛水景城摇光苑6-1001 | AB11: 是 | AC11: 是 | AD11: 是 | AF11: 合同管理部 | AG11: D5EA10A2-AC76-6347-41F4-2A281F55C01F | AH11: 否 | AJ11: 1989006 | AK11: 在职
A12: 资产财务部 | B12: 张海 | C12: 男 | D12: 320112196809180417 | E12: 业务主管 | F12: 1968-09 | G12: 57 | H12: 1987-07-01 | I12: 1987-07-01 | J12: 专业技术 | L12: 19850871279 | M12: 中专 | N12: 会计 | O12: 南京市职工中专学校 | P12: 1995-04-01 | Q12: 股东 | R12: 干部 | S12: 群众 | T12: 陈苏宁 | U12: 陈苏宁 | V12: 管理创新研究室 | W12: 2025-12-26 16:53:22 | X12: 2026-03-20 17:24:56 | Y12: 已生效 | Z12: 南京南化建设有限公司 | AA12: 江苏省 南京市 六合区 文承熙媛 | AB12: 是 | AC12: 是 | AD12: 否 | AF12: 资产财务部 | AG12: E92287F2-D61F-A0B8-99F8-24C761DECB82 | AH12: 否 | AJ12: 1987004 | AK12: 在职
A13: 待岗人员 | B13: 王卫 | C13: 男 | D13: 320112196911050416 | E13: 技术助理(一) | F13: 1969-11 | G13: 56 | H13: 1989-07-01 | I13: 1989-07-01 | J13: 专业技术 | K13: 山东省济南市市辖区 | L13: 18921412518 | M13: 大专 | N13: 仪表 | O13: 南京广播电视大学 | P13: 1993-07-01 | Q13: 股东 | R13: 干部 | S13: 群众 | T13: 陈苏宁 | U13: 陈苏宁 | V13: 管理创新研究室 | W13: 2025-12-26 16:53:22 | X13: 2026-03-20 17:24:57 | Y13: 已生效 | Z13: 南京南化建设有限公司 | AB13: 否 | AC13: 是 | AD13: 否 | AF13: 待岗人员 | AG13: E301D994-340B-9A96-7EC5-812DF236FABD | AH13: 否 | AJ13: 1989008 | AK13: 在职
A14: 物资部 | B14: 吴彪 | C14: 男 | D14: 320112197004040438 | E14: 中层副职(一类) | F14: 1970-04 | G14: 55 | H14: 1989-03-01 | I14: 1989-03-01 | J14: 经营管理 | K14: 上海市崇明县 | L14: 13912982650 | M14: 大专 | O14: 南京市广播电视大学 | P14: 1997-01-01 | Q14: 股东 | R14: 干部 | S14: 党员 | T14: 陈苏宁 | U14: 陈苏宁 | V14: 管理创新研究室 | W14: 2025-12-26 16:53:22 | X14: 2026-03-20 17:25:01 | Y14: 已生效 | Z14: 南京南化建设有限公司 | AA14: 江苏省 南京市 六合区 南京市沿江工业开发区化建新一村51幢304室 | AB14: 是 | AC14: 是 | AD14: 是 | AE14: 方向前 | AF14: 物资部 | AG14: 5D2F0701-6211-CB3B-9054-3401C623C358 | AH14: 否 | AJ14: 1989009 | AK14: 在职
A15: 公司领导 | B15: 邢振华 | C15: 男 | D15: 320112196603100434 | E15: 副总经理 | F15: 1966-03 | G15: 59 | H15: 1986-11-01 | I15: 1986-11-01 | J15: 经营管理 | L15: 13913357302 | M15: 中专 | N15: 化机 | O15: 淮南化学工程学校 | P15: 2023-10-12 | Q15: 股东 | R15: 干部 | S15: 群众 | T15: 陈苏宁 | U15: 陈苏宁 | V15: 管理创新研究室 | W15: 2025-12-26 16:53:22 | X15: 2026-05-07 10:32:13 | Y15: 已生效 | Z15: 南京南化建设有限公司 | AB15: 否 | AC15: 是 | AD15: 否 | AF15: 公司领导 | AG15: 0E584ECB-612C-DE95-7CC1-9E2A945E9FE7 | AH15: 否 | AJ15: 1986014 | AK15: 在职
A16: 项目管理公司 | B16: 常伟 | C16: 男 | D16: 320112196706280415 | E16: 中层副职(一类) | F16: 1967-06 | G16: 58 | H16: 1989-12-01 | I16: 1989-12-01 | J16: 经营管理 | L16: 13951981127 | M16: 大专 | N16: 化机 | O16: 东南大学 | P16: 1989-07-01 | Q16: 股东 | R16: 干部 | S16: 党员 | T16: 陈苏宁 | U16: 陈苏宁 | V16: 管理创新研究室 | W16: 2025-12-26 16:53:22 | X16: 2026-03-23 14:37:05 | Y16: 已生效 | Z16: 南京南化建设有限公司 | AA16: 江苏省 南京市 六合区 化建新一村 | AB16: 是 | AC16: 是 | AD16: 是 | AE16: 周小明 | AF16: 合同管理部 | AG16: A75398FD-18BE-BFBB-8B28-EFEF98FA596E | AH16: 否 | AJ16: 1989001 | AK16: 在职
A17: 市场开发部 | B17: 王培云 | C17: 女 | D17: 32011219710204044X | E17: 主管工程师 | F17: 1971-02 | G17: 54 | H17: 1989-07-01 | I17: 1989-07-01 | J17: 专业技术 | K17: 江苏省淮安市 | L17: 13851559136 | M17: 中专 | N17: 化机 | O17: 淮南化学工程学校 | P17: 1989-07-01 | Q17: 股东 | R17: 干部 | S17: 群众 | T17: 陈苏宁 | U17: 陈苏宁 | V17: 管理创新研究室 | W17: 2025-12-26 16:53:22 | X17: 2026-03-20 17:25:16 | Y17: 已生效 | Z17: 南京南化建设有限公司 | AA17: 江苏省 南京市 浦口区 金城丽景 | AB17: 是 | AC17: 是 | AD17: 是 | AF17: 市场开发部 | AG17: 3CEB880B-877C-44B5-290C-FE0F4FBCF0AD | AH17: 否 | AJ17: 1989007 | AK17: 在职
A18: 公司领导 | B18: 黄可中 | C18: 男 | D18: 310104196812160415 | E18: 副总经理 | F18: 1968-12 | G18: 57 | H18: 1990-07-01 | I18: 1990-07-01 | J18: 经营管理 | L18: 13851940998 | M18: 本科 | N18: 化机 | O18: 上海交通大学 | P18: 1990-07-01 | Q18: 股东 | R18: 干部 | S18: 群众 | T18: 陈苏宁 | U18: 陈苏宁 | V18: 管理创新研究室 | W18: 2025-12-26 16:53:22 | X18: 2026-03-20 17:25:16 | Y18: 已生效 | Z18: 南京南化建设有限公司 | AB18: 否 | AC18: 是 | AD18: 否 | AF18: 公司领导 | AG18: 5EB67C94-19A6-8B9A-1F3A-6D54FAAFAF45 | AH18: 否 | AJ18: 1990006 | AK18: 在职
A19: 资产财务部 | B19: 江必文 | C19: 男 | D19: 320112196804210410 | E19: 副总师 | F19: 1968-04 | G19: 57 | H19: 1988-12-01 | I19: 1988-12-01 | J19: 经营管理 | L19: 13951643244 | M19: 大专 | O19: 南京市电视大学 | P19: 1988-07-01 | Q19: 股东 | R19: 干部 | S19: 党员 | T19: 陈苏宁 | U19: 陈苏宁 | V19: 管理创新研究室 | W19: 2025-12-26 16:53:22 | X19: 2026-03-20 17:25:20 | Y19: 已生效 | Z19: 南京南化建设有限公司 | AA19: 江苏省 南京市 六合区 江北新区大厂街道杨庄北村16-505 | AB19: 是 | AC19: 是 | AD19: 是 | AE19: 王勇 | AF19: 资产财务部 | AG19: 6178C3C0-B750-DA3A-D35A-A8B535EB9B64 | AH19: 否 | AJ19: 1988003 | AK19: 在职
A20: 项目管理公司 | B20: 李玉生 | C20: 男 | D20: 32011219731020041X | E20: 副总师 | F20: 1973-10 | G20: 52 | H20: 1992-08-01 | I20: 1992-08-01 | J20: 经营管理 | K20: 江苏省连云港市灌云县 | L20: 13401998010 | M20: 本科 | N20: 土建 | O20: 扬州大学 | P20: 2001-12-31 | Q20: 股东 | R20: 干部 | S20: 群众 | T20: 陈苏宁 | U20: 陈苏宁 | V20: 管理创新研究室 | W20: 2025-12-26 16:53:21 | X20: 2026-03-23 14:37:07 | Y20: 已生效 | Z20: 南京南化建设有限公司 | AA20: 江苏省 南京市 六合区 大厂街道杨新路188号化建新一村 | AB20: 是 | AC20: 是 | AD20: 是 | AE20: 周小明 | AF20: 合同管理部 | AG20: 32D27451-2EC9-305E-8943-5A186C13BAF3 | AH20: 否 | AJ20: 1992004 | AK20: 在职
A21: 资产财务部 | B21: 杨志旺 | C21: 男 | D21: 320112197306100416 | E21: 业务主管 | F21: 1973-06 | G21: 52 | H21: 1991-07-01 | I21: 1991-07-01 | J21: 专业技术 | L21: 15952095170 | M21: 大专 | N21: 会计 | O21: 中央广播电视大学 | P21: 2006-07-01 | Q21: 股东 | R21: 干部 | S21: 群众 | T21: 陈苏宁 | U21: 陈苏宁 | V21: 管理创新研究室 | W21: 2025-12-26 16:53:21 | X21: 2026-03-20 17:30:05 | Y21: 已生效 | Z21: 南京南化建设有限公司 | AB21: 否 | AC21: 是 | AD21: 否 | AF21: 资产财务部 | AG21: 3E3C5E36-5053-4F95-061F-313731516458 | AH21: 否 | AJ21: 1991009 | AK21: 在职
A22: 公司领导 | B22: 甘继荣 | C22: 男 | D22: 510212196809080417 | E22: 董事长 | F22: 1968-09 | G22: 57 | H22: 1991-08-01 | I22: 1991-08-01 | J22: 经营管理 | L22: 13605154691 | M22: 本科 | N22: 化机 | O22: 重庆建筑工程学院 | P22: 1991-07-01 | Q22: 股东 | R22: 干部 | S22: 民盟盟员 | T22: 陈苏宁 | U22: 陈苏宁 | V22: 管理创新研究室 | W22: 2025-12-26 16:53:21 | X22: 2026-05-07 10:32:13 | Y22: 已生效 | Z22: 南京南化建设有限公司 | AB22: 否 | AC22: 是 | AD22: 否 | AF22: 公司领导 | AG22: 8C38B17D-9849-9632-5F61-AB00943D8F41 | AH22: 否 | AJ22: 1991002 | AK22: 在职
A23: 项目管理公司 | B23: 杨伟群 | C23: 男 | D23: 320112197104161659 | E23: 主要工种高级工 | F23: 1971-04 | G23: 54 | H23: 1990-12-01 | I23: 1990-12-01 | J23: 技能操作 | K23: 山东省临沂市郯城县 | L23: 18905156231 | M23: 高中 | N23: 钳工 | O23: 南化一中 | P23: 1989-07-01 | Q23: 股东 | R23: 工人 | S23: 群众 | T23: 陈苏宁 | U23: 陈苏宁 | V23: 管理创新研究室 | W23: 2025-12-26 16:53:21 | X23: 2026-03-23 14:37:12 | Y23: 已生效 | Z23: 南京南化建设有限公司 | AA23: 江苏省 南京市 六合区 | AB23: 是 | AC23: 是 | AD23: 是 | AF23: 合同管理部 | AG23: F32609BF-ACF7-DED0-CCF5-4C920B1F5663 | AH23: 否 | AJ23: 1990018 | AK23: 在职
A24: 资产财务部 | B24: 朱彬 | C24: 男 | D24: 321026197311017311 | E24: 副总师 | F24: 1973-11 | G24: 52 | H24: 1990-12-01 | I24: 1990-12-01 | J24: 经营管理 | L24: 13601406998 | M24: 大专 | O24: 南京工业大学 | P24: 1997-07-01 | Q24: 股东 | R24: 干部 | S24: 党员 | T24: 陈苏宁 | U24: 陈苏宁 | V24: 管理创新研究室 | W24: 2025-12-26 16:53:21 | X24: 2026-03-20 17:30:31 | Y24: 已生效 | Z24: 南京南化建设有限公司 | AA24: 江苏省 南京市 雨花台区 翠岛花城 | AB24: 是 | AC24: 是 | AD24: 否 | AE24: 王勇 | AF24: 资产财务部 | AG24: 39B82F4C-2A89-C9E1-5061-4738002D74EE | AH24: 否 | AJ24: 1990020 | AK24: 在职
A25: 待岗人员 | B25: 王前高 | C25: 男 | D25: 320112197103170019 | E25: 副队长 | F25: 1971-03 | G25: 54 | H25: 1990-12-01 | I25: 1990-12-01 | J25: 技能操作 | K25: 江苏省宿迁市泗洪县 | L25: 13951896779 | M25: 大专 | N25: 钳工 | O25: 中央广播大学 | P25: 2005-07-01 | Q25: 股东 | R25: 工人 | S25: 党员 | T25: 陈苏宁 | U25: 陈苏宁 | V25: 管理创新研究室 | W25: 2025-12-26 16:53:21 | X25: 2026-03-23 14:37:12 | Y25: 已生效 | Z25: 南京南化建设有限公司 | AA25: 江苏省 南京市 六合区 周洼新村3-104 | AB25: 是 | AC25: 是 | AD25: 是 | AF25: 安装三分公司 | AG25: 092BC8E1-D933-7D2D-5317-205266187734 | AH25: 否 | AJ25: 1990012 | AK25: 在职
A26: 待岗人员 | B26: 沙永忠 | C26: 男 | D26: 320112197202191659 | E26: 业务主办B | F26: 1972-02 | G26: 53 | H26: 1990-12-01 | I26: 1990-12-01 | J26: 专业技术 | K26: 江苏省南京市六合区 | L26: 13951737938 | M26: 高中 | N26: 材料员 | P26: 1970-01-01 | Q26: 股东 | R26: 干部 | S26: 群众 | T26: 陈苏宁 | U26: 陈苏宁 | V26: 管理创新研究室 | W26: 2025-12-26 16:53:21 | X26: 2026-03-23 14:37:13 | Y26: 已生效 | Z26: 南京南化建设有限公司 | AA26: 江苏省 南京市 六合区 化学工业园区扬子十一村1幢106室 | AB26: 是 | AC26: 是 | AD26: 是 | AF26: 安装三分公司 | AG26: 3B667C7F-48E9-2C5E-D873-7F9E4570993C | AH26: 否 | AJ26: 1990009 | AK26: 在职
A27: 综合办公室 | B27: 严贵宁 | C27: 男 | D27: 320112197002060013 | E27: 辅助工种高级工 | F27: 1970-02 | G27: 55 | H27: 1990-12-01 | I27: 1990-12-01 | J27: 技能操作 | K27: 江苏省徐州市 | L27: 13915954273 | M27: 初中 | N27: 驾驶员 | P27: 1987-07-01 | Q27: 股东 | R27: 工人 | S27: 群众 | T27: 陈苏宁 | U27: 陈苏宁 | V27: 管理创新研究室 | W27: 2025-12-26 16:53:21 | X27: 2026-03-23 14:37:13 | Y27: 已生效 | Z27: 南京南化建设有限公司 | AA27: 江苏省 南京市 六合区 大厂街道新华五村 | AB27: 是 | AC27: 是 | AD27: 是 | AF27: 经理办公室 | AG27: 8E6CC736-8462-E4EA-7CF7-7B1CB069A4FC | AH27: 否 | AJ27: 1990017 | AK27: 在职
A28: 公司领导 | B28: 方向前 | C28: 男 | D28: 36233019701216461X | E28: 副总经理 | F28: 1970-12 | G28: 55 | H28: 1992-08-01 | I28: 1992-08-01 | J28: 经营管理 | L28: 13062588684 | M28: 大专 | N28: 材料员 | O28: 南京建筑工程学院 | P28: 1992-07-01 | Q28: 股东 | R28: 干部 | S28: 群众 | T28: 陈苏宁 | U28: 陈苏宁 | V28: 管理创新研究室 | W28: 2025-12-26 16:53:21 | X28: 2026-03-20 17:30:53 | Y28: 已生效 | Z28: 南京南化建设有限公司 | AB28: 否 | AC28: 是 | AD28: 否 | AF28: 公司领导 | AG28: 834C4992-ACDB-3C57-E6F0-EBB91F06396E | AH28: 否 | AJ28: 1992003 | AK28: 在职
A29: 公司领导 | B29: 王勇 | C29: 男 | D29: 320112197210230435 | E29: 副总经理 | F29: 1972-10 | G29: 53 | H29: 1991-07-01 | I29: 1991-07-01 | J29: 经营管理 | L29: 13951908508 | M29: 大专 | N29: 会计 | O29: 华中科技大学 | P29: 2022-05-18 | Q29: 股东 | R29: 干部 | S29: 群众 | T29: 陈苏宁 | U29: 陈苏宁 | V29: 管理创新研究室 | W29: 2025-12-26 16:53:21 | X29: 2026-05-07 10:32:13 | Y29: 已生效 | Z29: 南京南化建设有限公司 | AB29: 否 | AC29: 是 | AD29: 否 | AF29: 公司领导 | AG29: 1DE12F17-BBEC-4117-A4BC-019DC05C3AEB | AH29: 否 | AJ29: 1991008 | AK29: 在职
A30: 资产财务部 | B30: 雷鸣 | C30: 男 | D30: 320112197205210413 | E30: 业务主管 | F30: 1972-05 | G30: 53 | H30: 1991-07-01 | I30: 1991-07-01 | J30: 专业技术 | L30: 13401991310 | M30: 中专 | N30: 会计 | P30: 2020-01-14 | Q30: 股东 | R30: 干部 | S30: 群众 | T30: 陈苏宁 | U30: 陈苏宁 | V30: 管理创新研究室 | W30: 2025-12-26 16:53:21 | X30: 2026-03-20 17:31:05 | Y30: 已生效 | Z30: 南京南化建设有限公司 | AA30: 江苏省 南京市 六合区 芳庭潘园 | AB30: 是 | AC30: 是 | AD30: 是 | AF30: 资产财务部 | AG30: 669207DF-780A-5276-D3BA-EC9B46D90856 | AH30: 否 | AJ30: 1991005 | AK30: 在职
A31: 资产财务部 | B31: 周媛 | C31: 女 | D31: 320112197108221620 | E31: 业务主管 | F31: 1971-08 | G31: 54 | H31: 1992-12-01 | I31: 1992-12-01 | J31: 专业技术 | L31: 15161490239 | M31: 大专 | N31: 会计 | O31: 江苏省自学考试中心 | P31: 1992-12-01 | Q31: 股东 | R31: 干部 | S31: 群众 | T31: 陈苏宁 | U31: 陈苏宁 | V31: 管理创新研究室 | W31: 2025-12-26 16:53:21 | X31: 2026-03-20 17:31:14 | Y31: 已生效 | Z31: 南京南化建设有限公司 | AB31: 否 | AC31: 是 | AD31: 否 | AF31: 资产财务部 | AG31: E6D577B7-BA23-ADF9-0A33-83C70C504EA1 | AH31: 否 | AJ31: 1992007 | AK31: 在职
A32: 资产财务部 | B32: 胡锦刚 | C32: 男 | D32: 511027197006273038 | E32: 主管工程师 | F32: 1970-06 | G32: 55 | H32: 1991-08-01 | I32: 1991-08-01 | J32: 专业技术 | L32: 15105151142 | M32: 大专 | N32: 会计 | O32: 郑州航空工业管理学院 | P32: 1991-07-01 | Q32: 股东 | R32: 干部 | S32: 群众 | T32: 陈苏宁 | U32: 陈苏宁 | V32: 管理创新研究室 | W32: 2025-12-26 16:53:21 | X32: 2026-03-20 17:31:18 | Y32: 已生效 | Z32: 南京南化建设有限公司 | AA32: 江苏省 南京市 六合区 草芳新苑55栋 | AB32: 是 | AC32: 是 | AD32: 否 | AF32: 资产财务部 | AG32: F5757B02-AA63-6A61-6A8E-BA48D8409EBF | AH32: 否 | AJ32: 1991004 | AK32: 在职
A33: 公司领导 | B33: 周小明 | C33: 男 | D33: 210211196812205850 | E33: 副总经理 | F33: 1968-12 | G33: 57 | H33: 1990-08-01 | I33: 1990-08-01 | J33: 经营管理 | K33: 江苏省扬州市仪征市 | L33: 13905163029 | M33: 本科 | N33: 土建 | O33: 大连理工大学 | P33: 1990-07-01 | Q33: 股东 | R33: 干部 | S33: 党员 | T33: 陈苏宁 | U33: 陈苏宁 | V33: 管理创新研究室 | W33: 2025-12-26 16:53:21 | X33: 2026-03-20 17:31:27 | Y33: 已生效 | Z33: 南京南化建设有限公司 | AB33: 否 | AC33: 是 | AD33: 否 | AF33: 公司领导 | AG33: 9DA4B905-0984-619F-6EF0-65FB925FFAE0 | AH33: 否 | AJ33: 1990019 | AK33: 在职
A34: 技术质量部 | B34: 李文娟 | C34: 女 | D34: 320923197410262426 | E34: 主管工程师 | F34: 1974-10 | G34: 51 | H34: 1995-08-01 | I34: 1995-08-01 | J34: 专业技术 | K34: 江苏省盐城市阜宁县 | L34: 13770828162 | M34: 大专 | N34: 化机 | O34: 南京化工大学 | P34: 1995-07-01 | Q34: 股东 | R34: 干部 | S34: 群众 | T34: 陈苏宁 | U34: 陈苏宁 | V34: 管理创新研究室 | W34: 2025-12-26 16:53:20 | X34: 2026-03-20 17:31:36 | Y34: 已生效 | Z34: 南京南化建设有限公司 | AA34: 江苏省 南京市 六合区 大厂街道福基旭东新城18幢 | AB34: 是 | AC34: 是 | AD34: 是 | AF34: 技术质量部 | AG34: 978EF8FD-5467-B2C2-F294-E4C56D620B0C | AH34: 否 | AJ34: 1995007 | AK34: 在职
A35: 待岗人员 | B35: 邱关波 | C35: 男 | D35: 320112197309081652 | E35: 主要工种高级工 | F35: 1973-09 | G35: 52 | H35: 1993-09-01 | I35: 1993-09-01 | J35: 技能操作 | K35: 江苏省南京市六合区 | L35: 15380754020 | M35: 技校 | N35: 安全员 | P35: 1993-07-01 | Q35: 股东 | R35: 工人 | S35: 群众 | T35: 陈苏宁 | U35: 陈苏宁 | V35: 管理创新研究室 | W35: 2025-12-26 16:53:20 | X35: 2026-05-07 10:32:13 | Y35: 已生效 | Z35: 南京南化建设有限公司 | AB35: 否 | AC35: 是 | AD35: 否 | AF35: 人力资源部 | AG35: CA6E1EB1-CDBF-AA83-4EE4-6CE164620C10 | AH35: 否 | AJ35: 1993010 | AK35: 在职
A36: 信息化中心 | B36: 蔡雷萌 | C36: 男 | D36: 320705197403302019 | E36: 副总师 | F36: 1974-03 | G36: 51 | H36: 1995-08-01 | I36: 1995-08-01 | J36: 经营管理 | K36: 北京市 | L36: 18626455696 | M36: 大专 | N36: 电气 | O36: 连云港化工高等专业学校 | P36: 1995-07-01 | Q36: 股东 | R36: 干部 | S36: 群众 | T36: 陈苏宁 | U36: 陈苏宁 | V36: 管理创新研究室 | W36: 2025-12-26 16:53:20 | X36: 2026-03-23 14:37:15 | Y36: 已生效 | Z36: 南京南化建设有限公司 | AA36: 江苏省 南京市 江宁区 东山街道萃文路99号明月花园25A304 | AB36: 是 | AC36: 是 | AD36: 是 | AE36: 郭晓瑙 | AF36: 马来西亚分公司（国外） | AG36: A3D85AC0-A6EF-49D7-BED1-FA3634C42CED | AH36: 否 | AJ36: 1995001 | AK36: 在职
A37: 资产财务部 | B37: 张学军 | C37: 男 | D37: 320112197306170414 | E37: 中层正职级(一类) | F37: 1973-06 | G37: 52 | H37: 1993-08-01 | I37: 1993-08-01 | J37: 经营管理 | L37: 15151888150 | M37: 大专 | O37: 江苏省自学考试中心 | P37: 2020-01-10 | Q37: 股东 | R37: 干部 | S37: 群众 | T37: 陈苏宁 | U37: 陈苏宁 | V37: 管理创新研究室 | W37: 2025-12-26 16:53:20 | X37: 2026-03-20 17:31:54 | Y37: 已生效 | Z37: 南京南化建设有限公司 | AA37: 江苏省 南京市 玄武区 罗汉巷小区 | AB37: 是 | AC37: 是 | AD37: 否 | AE37: 王勇 | AF37: 资产财务部 | AG37: 7A96F400-F9B9-269E-1098-BBF065B00554 | AH37: 否 | AJ37: 1993014 | AK37: 在职
A38: 物资部 | B38: 冯艳兰 | C38: 女 | D38: 320112197511110445 | E38: 业务主管 | F38: 1975-11 | G38: 50 | H38: 1994-08-01 | I38: 1994-08-01 | J38: 专业技术 | K38: 江苏省淮安市涟水县 | L38: 18913320625 | M38: 中专 | N38: 电气 | O38: 扬州化工学校 | P38: 1994-06-30 | Q38: 股东 | R38: 干部 | S38: 群众 | T38: 陈苏宁 | U38: 陈苏宁 | V38: 管理创新研究室 | W38: 2025-12-26 16:53:20 | X38: 2026-03-20 17:32:03 | Y38: 已生效 | Z38: 南京南化建设有限公司 | AA38: 江苏省 南京市 浦口区 盘金华府21-403 | AB38: 是 | AC38: 是 | AD38: 是 | AF38: 物资部 | AG38: 9BB2BAFB-24AF-D0A3-4221-A99467C9BD05 | AH38: 否 | AJ38: 1994003 | AK38: 在职
A39: 项目管理公司 | B39: 尹八一 | C39: 男 | D39: 321025197308012011 | E39: 中层正职(一类) | F39: 1973-08 | G39: 52 | H39: 1994-08-01 | I39: 1994-08-01 | J39: 经营管理 | K39: 江苏省泰州市泰兴市 | L39: 15850710523 | M39: 本科 | N39: 化机 | O39: 江苏石油化工学院 | P39: 1994-07-01 | Q39: 股东 | R39: 干部 | S39: 群众 | T39: 陈苏宁 | U39: 陈苏宁 | V39: 管理创新研究室 | W39: 2025-12-26 16:53:20 | X39: 2026-03-23 14:37:16 | Y39: 已生效 | Z39: 南京南化建设有限公司 | AA39: 江苏省 南京市 浦口区 | AB39: 是 | AC39: 是 | AD39: 是 | AE39: 周小明 | AF39: 合同管理部 | AG39: AD351C7F-2839-E655-4196-71D266477BD2 | AH39: 否 | AJ39: 1994008 | AK39: 在职
A40: 综合办公室 | B40: 郭凤霞 | C40: 女 | D40: 32011119750103442X | E40: 业务主管 | F40: 1975-01 | G40: 50 | H40: 1994-08-01 | I40: 1994-08-01 | J40: 专业技术 | K40: 江苏省南京市浦口区 | L40: 15951790494 | M40: 本科 | N40: 其他 | O40: 苏州大学 | P40: 2004-12-30 | Q40: 股东 | R40: 干部 | S40: 群众 | T40: 陈苏宁 | U40: 陈苏宁 | V40: 管理创新研究室 | W40: 2025-12-26 16:53:20 | X40: 2026-03-23 14:37:18 | Y40: 已生效 | Z40: 南京南化建设有限公司 | AA40: 江苏省 南京市 浦口区 沿江街道新城·香溢紫郡花园北区 | AB40: 是 | AC40: 是 | AD40: 是 | AF40: 经理办公室 | AG40: 0F274E61-37D9-6ACE-47E1-86100EA6D436 | AH40: 否 | AJ40: 1994004 | AK40: 在职
A41: 待岗人员 | B41: 魏明 | C41: 男 | D41: 320123197509300011 | E41: 主要工种中级工 | F41: 1975-09 | G41: 50 | H41: 1993-12-01 | I41: 1993-12-01 | J41: 技能操作 | K41: 江苏省 | L41: 15895817998 | M41: 高中 | N41: 电焊工 | O41: 六合二中 | P41: 1983-07-01 | Q41: 股东 | R41: 工人 | S41: 群众 | T41: 陈苏宁 | U41: 陈苏宁 | V41: 管理创新研究室 | W41: 2025-12-26 16:53:20 | X41: 2026-03-23 14:37:19 | Y41: 已生效 | Z41: 南京南化建设有限公司 | AB41: 否 | AC41: 是 | AD41: 否 | AF41: 人力资源部 | AG41: E191D2E8-4DBE-95AA-E06F-F2DE4D22B36D | AH41: 否 | AJ41: 1993012 | AK41: 在职
A42: 综合办公室 | B42: 吴欣畏 | C42: 女 | D42: 320112197610100429 | E42: 副总师 | F42: 1976-10 | G42: 49 | H42: 1994-08-01 | I42: 1994-08-01 | J42: 经营管理 | L42: 13951846361 | M42: 大专 | N42: 其他 | O42: 江苏省自学考试中心 | P42: 2020-01-10 | Q42: 股东 | R42: 干部 | S42: 党员 | T42: 陈苏宁 | U42: 陈苏宁 | V42: 管理创新研究室 | W42: 2025-12-26 16:53:20 | X42: 2026-03-23 14:37:20 | Y42: 已生效 | Z42: 南京南化建设有限公司 | AA42: 江苏省 南京市 六合区 大厂街道扬子十七村十六栋201 | AB42: 是 | AC42: 是 | AD42: 是 | AE42: 甘继荣 | AF42: 党群工作部 | AG42: 44413331-77D5-C99B-2391-25C5226F3016 | AH42: 否 | AJ42: 1994007 | AK42: 在职
A43: 待岗人员 | B43: 鲁仲寅 | C43: 男 | D43: 320112197407281658 | E43: 主要工种中级工 | F43: 1974-07 | G43: 51 | H43: 1993-09-01 | I43: 1993-09-01 | J43: 技能操作 | K43: 江苏省南京市 | L43: 15996455329 | M43: 技校 | N43: 电焊工 | O43: 南化技校 | P43: 1993-07-01 | Q43: 股东 | R43: 工人 | S43: 群众 | T43: 陈苏宁 | U43: 陈苏宁 | V43: 管理创新研究室 | W43: 2025-12-26 16:53:20 | X43: 2026-03-20 17:32:29 | Y43: 已生效 | Z43: 南京南化建设有限公司 | AB43: 否 | AC43: 是 | AD43: 否 | AF43: 待岗人员 | AG43: 242212E1-AC9F-AB83-B3C7-D8B1B3832FE7 | AH43: 否 | AJ43: 1993008 | AK43: 在职
A44: 市场开发部 | B44: 王超 | C44: 男 | D44: 320112197512040418 | E44: 业务主办A | F44: 1975-12 | G44: 50 | H44: 1995-08-01 | I44: 1995-08-01 | J44: 专业技术 | L44: 13913934292 | M44: 技校 | N44: 驾驶员 | P44: 1995-07-01 | Q44: 股东 | R44: 工人 | S44: 群众 | T44: 陈苏宁 | U44: 陈苏宁 | V44: 管理创新研究室 | W44: 2025-12-26 16:53:19 | X44: 2026-03-20 17:32:34 | Y44: 已生效 | Z44: 南京南化建设有限公司 | AA44: 江苏省 南京市 六合区 沿江工业开发区杨庄北村10幢404室 | AB44: 是 | AC44: 是 | AD44: 是 | AF44: 市场开发部 | AG44: 0A40F7D7-4B33-8619-896E-46283AFF26DF | AH44: 否 | AJ44: 1995016 | AK44: 在职
A45: 市场开发部 | B45: 汤媛 | C45: 女 | D45: 34040319751102126X | E45: 主管工程师 | F45: 1975-11 | G45: 50 | H45: 1995-08-01 | I45: 1995-08-01 | J45: 专业技术 | K45: 江苏省徐州市 | L45: 13605165381 | M45: 中专 | N45: 仪表 | O45: 淮南化校 | P45: 1995-07-01 | Q45: 股东 | R45: 干部 | S45: 群众 | T45: 陈苏宁 | U45: 陈苏宁 | V45: 管理创新研究室 | W45: 2025-12-26 16:53:19 | X45: 2026-03-20 17:32:36 | Y45: 已生效 | Z45: 南京南化建设有限公司 | AA45: 江苏省 南京市 浦口区 泰西路28号泰来苑93-101 | AB45: 是 | AC45: 是 | AD45: 是 | AF45: 市场开发部 | AG45: 9C9C19FA-B082-6B01-70FD-D8266369A895 | AH45: 否 | AJ45: 1995014 | AK45: 在职
A46: 海外事业部 | B46: 于东轩 | C46: 男 | D46: 412729197501174537 | E46: 副总师 | F46: 1975-01 | G46: 50 | H46: 1997-08-14 | I46: 1997-08-14 | J46: 经营管理 | K46: 河南省周口市项城市 | L46: 13601432873 | M46: 本科 | N46: 化机 | O46: 北京石油化工学院 | P46: 1997-07-01 | Q46: 股东 | R46: 干部 | S46: 党员 | T46: 陈苏宁 | U46: 陈苏宁 | V46: 管理创新研究室 | W46: 2025-12-26 16:53:19 | X46: 2026-03-23 14:37:20 | Y46: 已生效 | Z46: 南京南化建设有限公司 | AA46: 江苏省 南京市 浦口区 盘城街道新华西路274号盘金华府 | AB46: 是 | AC46: 是 | AD46: 是 | AE46: 邢振华 | AF46: 第十六分公司 | AG46: 31518281-66FF-1F79-B854-34C05D36DFB7 | AH46: 否 | AJ46: 1997006 | AK46: 在职
A47: 技术质量部 | B47: 俞桂萍 | C47: 女 | D47: 420114197908145423 | E47: 辅助工种中级工 | F47: 1979-08 | G47: 46 | H47: 1998-03-01 | I47: 1998-03-01 | J47: 技能操作 | K47: 湖北省武汉市蔡甸区 | L47: 13851811235 | M47: 中专 | N47: 其他 | P47: 1997-07-01 | Q47: 股东 | R47: 工人 | S47: 群众 | T47: 陈苏宁 | U47: 陈苏宁 | V47: 管理创新研究室 | W47: 2025-12-26 16:53:19 | X47: 2026-03-20 17:32:40 | Y47: 已生效 | Z47: 南京南化建设有限公司 | AA47: 江苏省 南京市 六合区 | AB47: 是 | AC47: 是 | AD47: 是 | AF47: 技术质量部 | AG47: 31DCC800-FDB7-45A7-DD8F-609B218E5998 | AH47: 否 | AJ47: 1998004 | AK47: 在职
A48: 市场开发部 | B48: 孙珍 | C48: 女 | D48: 320923197411302725 | E48: 主管工程师 | F48: 1974-11 | G48: 51 | H48: 1996-08-12 | I48: 1996-08-12 | J48: 专业技术 | K48: 江苏省盐城市阜宁县 | L48: 13770541789 | M48: 大专 | N48: 仪表 | O48: 南京空军气象学院 | P48: 1996-07-01 | Q48: 股东 | R48: 干部 | S48: 群众 | T48: 陈苏宁 | U48: 陈苏宁 | V48: 管理创新研究室 | W48: 2025-12-26 16:53:19 | X48: 2026-03-20 17:32:45 | Y48: 已生效 | Z48: 南京南化建设有限公司 | AA48: 江苏省 南京市 浦口区 服装城盛泉新城10#203 | AB48: 是 | AC48: 是 | AD48: 否 | AF48: 市场开发部 | AG48: 354B82F1-3837-55A8-CDA7-1F5219D0FFFE | AH48: 否 | AJ48: 1996002 | AK48: 在职
A49: 项目管理公司 | B49: 许性平 | C49: 男 | D49: 341024197309106519 | E49: 中层副职(一类) | F49: 1973-09 | G49: 52 | H49: 1997-08-14 | I49: 1997-08-14 | J49: 经营管理 | K49: 安徽省黄山市祁门县 | L49: 17788380573 | M49: 大专 | N49: 土建 | O49: 东南大学 | P49: 2001-06-30 | Q49: 股东 | R49: 干部 | S49: 群众 | T49: 陈苏宁 | U49: 陈苏宁 | V49: 管理创新研究室 | W49: 2025-12-26 16:53:19 | X49: 2026-03-23 14:37:23 | Y49: 已生效 | Z49: 南京南化建设有限公司 | AA49: 江苏省 南京市 六合区 新华6村44栋404室 | AB49: 是 | AC49: 是 | AD49: 是 | AE49: 周小明 | AF49: 合同管理部 | AG49: 3528E960-95DF-A006-8FCF-90F8422051A2 | AH49: 否 | AJ49: 1997005 | AK49: 在职
A50: 待岗人员 | B50: 许霄巍 | C50: 女 | D50: 320112197308291623 | E50: 业务主管 | F50: 1973-08 | G50: 52 | H50: 1995-12-28 | I50: 1995-12-28 | J50: 专业技术 | M50: 大专 | N50: 会计 | O50: 江苏省自学考试中心 | P50: 1995-07-01 | Q50: 股东 | R50: 干部 | S50: 群众 | T50: 陈苏宁 | U50: 陈苏宁 | V50: 管理创新研究室 | W50: 2025-12-26 16:53:19 | X50: 2026-03-20 17:32:56 | Y50: 已生效 | Z50: 南京南化建设有限公司 | AB50: 否 | AC50: 是 | AD50: 否 | AF50: 待岗人员 | AG50: 8AD38EBB-9C8B-6CFE-7435-8AC2CB547C44 | AH50: 否 | AJ50: 1995023 | AK50: 在职
A51: 资产财务部 | B51: 潘良峰 | C51: 男 | D51: 320122198001171210 | E51: 业务主管 | F51: 1980-01 | G51: 45 | H51: 1999-08-01 | I51: 2008-04-01 | J51: 专业技术 | K51: 江苏省南京市浦口区 | L51: 159964070305 | M51: 大专 | N51: 会计 | O51: 安徽工贸学院 | P51: 1999-07-01 | Q51: 股东 | R51: 干部 | S51: 党员 | T51: 陈苏宁 | U51: 陈苏宁 | V51: 管理创新研究室 | W51: 2025-12-26 16:53:19 | X51: 2026-03-20 17:33:02 | Y51: 已生效 | Z51: 南京南化建设有限公司 | AA51: 江苏省 南京市 浦口区 永宁街道 | AB51: 是 | AC51: 是 | AD51: 否 | AF51: 资产财务部 | AG51: F3F91DA1-044D-EF3D-7B64-9EC952506A0F | AH51: 否 | AJ51: 1999001 | AK51: 在职
A52: 项目管理公司 | B52: 王业效 | C52: 男 | D52: 370122197601154873 | E52: 中层副职(一类) | F52: 1976-01 | G52: 49 | H52: 1998-08-13 | I52: 1998-08-13 | J52: 经营管理 | L52: 13585156219 | M52: 本科 | N52: 土建 | O52: 连云港化工高等专科学校 | P52: 1998-07-01 | Q52: 股东 | R52: 干部 | S52: 党员 | T52: 陈苏宁 | U52: 陈苏宁 | V52: 管理创新研究室 | W52: 2025-12-26 16:53:19 | X52: 2026-03-23 14:37:24 | Y52: 已生效 | Z52: 南京南化建设有限公司 | AA52: 江苏省 南京市 六合区 葛塘街道紫艺路棠悦花园 | AB52: 是 | AC52: 是 | AD52: 是 | AE52: 周小明 | AF52: 合同管理部 | AG52: CA57C632-0D26-40DB-C3B8-7AE72F1A7AFC | AH52: 否 | AJ52: 1998002 | AK52: 在职
A53: 待岗人员 | B53: 许雪丽 | C53: 女 | D53: 320112197607150046 | E53: 辅助工种中级工 | F53: 1976-07 | G53: 49 | H53: 1995-08-01 | I53: 1995-08-01 | J53: 技能操作 | K53: 江苏省南京市六合区 | L53: 15105155710 | M53: 技校 | N53: 材料员 | O53: 南化技校 | P53: 1995-07-01 | Q53: 股东 | R53: 工人 | S53: 群众 | T53: 陈苏宁 | U53: 陈苏宁 | V53: 管理创新研究室 | W53: 2025-12-26 16:53:19 | X53: 2026-03-20 17:33:09 | Y53: 已生效 | Z53: 南京南化建设有限公司 | AB53: 否 | AC53: 是 | AD53: 否 | AF53: 待岗人员 | AG53: 71CD0A8B-A909-1AC4-46B9-00DB538F01AE | AH53: 否 | AJ53: 1995024 | AK53: 在职
A54: 项目管理公司 | B54: 李瑞霞 | C54: 女 | D54: 410611197512290065 | E54: 专业工程师 | F54: 1975-12 | G54: 50 | H54: 1997-09-30 | I54: 1997-09-30 | J54: 专业技术 | K54: 河南省鹤壁市 | L54: 13174093739 | M54: 中专 | N54: 其他 | O54: 徐州煤炭建筑工程学校 | P54: 1997-07-01 | Q54: 股东 | R54: 干部 | S54: 党员 | T54: 陈苏宁 | U54: 陈苏宁 | V54: 管理创新研究室 | W54: 2025-12-26 16:53:19 | X54: 2026-03-23 14:37:25 | Y54: 已生效 | Z54: 南京南化建设有限公司 | AA54: 江苏省 南京市 六合区 草芳新苑26-506 | AB54: 是 | AC54: 是 | AD54: 是 | AF54: 合同管理部 | AG54: 703A22E8-8E90-AB7A-31A4-5BA58C8E523A | AH54: 否 | AJ54: 1997003 | AK54: 在职
A55: 人力资源部 | B55: 张香梅 | C55: 女 | D55: 610404197502101024 | E55: 中层正职(一类) | F55: 1975-02 | G55: 50 | H55: 1995-08-31 | I55: 1995-08-31 | J55: 经营管理 | K55: 湖北 | L55: 13645157728 | M55: 大专 | N55: 其他 | O55: 江苏省自学考试中心 | P55: 2000-12-01 | Q55: 股东 | R55: 干部 | S55: 党员 | T55: 陈苏宁 | U55: 陈苏宁 | V55: 管理创新研究室 | W55: 2025-12-26 16:53:19 | X55: 2026-05-07 10:32:21 | Y55: 已生效 | Z55: 南京南化建设有限公司 | AA55: 江苏省 南京市 六合区 杨新路化建新一村49幢 | AB55: 是 | AC55: 是 | AD55: 否 | AE55: 甘继荣 | AF55: 人力资源部 | AG55: 531688A3-E32C-40A2-8F1D-07B87BB02BDB | AH55: 否 | AJ55: 1995026 | AK55: 在职
A56: 待岗人员 | B56: 王群 | C56: 女 | D56: 320112197408020425 | E56: 业务主管 | F56: 1974-08 | G56: 51 | H56: 1995-08-01 | I56: 1995-08-01 | J56: 专业技术 | K56: 江苏南京 | L56: 13401997386 | M56: 大专 | N56: 会计 | O56: 南京金陵职业大学 | P56: 1995-07-01 | Q56: 股东 | R56: 干部 | S56: 群众 | T56: 陈苏宁 | U56: 陈苏宁 | V56: 管理创新研究室 | W56: 2025-12-26 16:53:19 | X56: 2026-05-07 10:32:21 | Y56: 已生效 | Z56: 南京南化建设有限公司 | AB56: 否 | AC56: 是 | AD56: 否 | AF56: 待岗人员 | AG56: 4AF6AB25-2193-4F01-8D2A-6DD1B41F8C17 | AH56: 否 | AJ56: 1995018 | AK56: 在职
A57: 市场开发部 | B57: 荀月娥 | C57: 女 | D57: 32091119760925062X | E57: 中层正职级(一类) | F57: 1976-09 | G57: 49 | H57: 1999-08-12 | I57: 1999-08-12 | J57: 经营管理 | K57: 江苏省盐城市盐都区 | L57: 13851661792 | M57: 本科 | N57: 化机 | O57: 沈阳化工学院 | P57: 1999-07-01 | Q57: 股东 | R57: 干部 | S57: 群众 | T57: 陈苏宁 | U57: 陈苏宁 | V57: 管理创新研究室 | W57: 2025-12-26 16:53:19 | X57: 2026-03-20 17:33:21 | Y57: 已生效 | Z57: 南京南化建设有限公司 | AA57: 江苏省 南京市 建邺区 双闸街道金地中心风华 | AB57: 是 | AC57: 是 | AD57: 是 | AE57: 黄可中 | AF57: 市场开发部 | AG57: 5E05FEAC-8FC5-EAB6-C5C1-FF80FF672E8C | AH57: 否 | AJ57: 1999002 | AK57: 在职
A58: 待岗人员 | B58: 沈浩 | C58: 女 | D58: 320112197708131629 | E58: 专业工程师 | F58: 1977-08 | G58: 48 | H58: 1995-08-01 | I58: 1995-08-01 | J58: 专业技术 | K58: 江苏省南京市秦淮区 | L58: 13115007516 | M58: 技校 | N58: 土建 | O58: 南化技校 | P58: 1995-06-30 | Q58: 股东 | R58: 干部 | S58: 群众 | T58: 陈苏宁 | U58: 陈苏宁 | V58: 管理创新研究室 | W58: 2025-12-26 16:53:19 | X58: 2026-03-20 17:33:23 | Y58: 已生效 | Z58: 南京南化建设有限公司 | AB58: 否 | AC58: 是 | AD58: 否 | AF58: 待岗人员 | AG58: F02ABA3B-696C-07A4-3D79-82188739D448 | AH58: 否 | AJ58: 1995013 | AK58: 在职
A59: 海外事业部 | B59: 许世杰 | C59: 男 | D59: 320112197503220417 | E59: 副高级业务主管 | F59: 1975-03 | G59: 50 | H59: 1995-08-01 | I59: 1995-08-01 | J59: 专业技术 | K59: 江苏省南京市 | L59: 17805165367 | M59: 本科 | N59: 翻译 | Q59: 股东 | R59: 干部 | S59: 群众 | T59: 陈苏宁 | U59: 陈苏宁 | V59: 管理创新研究室 | W59: 2025-12-26 16:53:19 | X59: 2026-03-20 17:33:26 | Y59: 已生效 | Z59: 南京南化建设有限公司 | AA59: 江苏省 南京市 六合区 大厂街道滕泰雅苑4-1004 | AB59: 是 | AC59: 是 | AD59: 是 | AF59: 海外事业部 | AG59: C59A42FD-2D13-A298-79B6-3CEFAA2EC487 | AH59: 否 | AJ59: 1995022 | AK59: 辞职
A60: 市场开发部 | B60: 张芬 | C60: 女 | D60: 320112197611120026 | E60: 业务主办B | F60: 1976-11 | G60: 49 | H60: 1995-08-01 | I60: 1995-08-01 | J60: 专业技术 | K60: 江苏省南京市六合区 | L60: 13851880770 | M60: 中专 | N60: 其他 | O60: 南京中华会计函授学校 | P60: 1997-07-01 | Q60: 股东 | R60: 干部 | S60: 群众 | T60: 陈苏宁 | U60: 陈苏宁 | V60: 管理创新研究室 | W60: 2025-12-26 16:53:19 | X60: 2026-03-20 17:33:33 | Y60: 已生效 | Z60: 南京南化建设有限公司 | AA60: 江苏省 南京市 六合区 桂馨园16-403 | AB60: 是 | AC60: 是 | AD60: 是 | AF60: 市场开发部 | AG60: 3DC5AE36-B032-9169-6197-60E3CE63DB31 | AH60: 否 | AJ60: 1995025 | AK60: 在职
A61: 市场开发部 | B61: 张和玉 | C61: 女 | D61: 341181198308014425 | E61: 主管工程师 | F61: 1983-08 | G61: 42 | H61: 2003-08-08 | I61: 2003-08-08 | J61: 专业技术 | K61: 安徽省滁州市天长市 | L61: 13951908817 | M61: 中专 | N61: 化机 | O61: 淮南化校 | P61: 2003-07-01 | Q61: 股东 | R61: 干部 | S61: 群众 | T61: 陈苏宁 | U61: 陈苏宁 | V61: 管理创新研究室 | W61: 2025-12-26 16:53:18 | X61: 2026-03-20 17:33:51 | Y61: 已生效 | Z61: 南京南化建设有限公司 | AA61: 江苏省 南京市 六合区 大厂阿尔卡迪亚 | AB61: 是 | AC61: 是 | AD61: 是 | AF61: 市场开发部 | AG61: 2CF5839F-14B0-27D6-A7A5-31DB7C390435 | AH61: 否 | AJ61: 2003019 | AK61: 在职
A62: 公司领导 | B62: 杨文锋 | C62: 男 | D62: 320705197706060010 | E62: 副总经理 | F62: 1977-06 | G62: 48 | H62: 2001-08-02 | I62: 2001-08-02 | J62: 经营管理 | K62: 湖北省天门市 | L62: 13813863194 | M62: 大专 | N62: 化机 | O62: 连云港化工高等专科学校 | P62: 2001-07-01 | Q62: 股东 | R62: 干部 | S62: 党员 | T62: 陈苏宁 | U62: 陈苏宁 | V62: 管理创新研究室 | W62: 2025-12-26 16:53:18 | X62: 2026-03-20 17:34:03 | Y62: 已生效 | Z62: 南京南化建设有限公司 | AB62: 否 | AC62: 是 | AD62: 否 | AF62: 公司领导 | AG62: 33991982-900E-C108-4911-406977389BC8 | AH62: 否 | AJ62: 2001003 | AK62: 在职
A63: 海外事业部 | B63: 韩丰萍 | C63: 女 | D63: 320321198004047260 | E63: 业务主管 | F63: 1980-04 | G63: 45 | H63: 2004-08-03 | I63: 2004-08-03 | J63: 专业技术 | K63: 江苏省徐州市丰县 | L63: 13770723960 | M63: 本科 | N63: 翻译 | O63: 南京林业大学 | P63: 2004-07-01 | Q63: 股东 | R63: 干部 | S63: 群众 | T63: 陈苏宁 | U63: 陈苏宁 | V63: 管理创新研究室 | W63: 2025-12-26 16:53:18 | X63: 2026-03-20 17:34:08 | Y63: 已生效 | Z63: 南京南化建设有限公司 | AA63: 江苏省 南京市 六合区 | AB63: 是 | AC63: 是 | AD63: 否 | AF63: 海外事业部 | AG63: F8903CC5-3F08-5628-0687-CFB605FF86B7 | AH63: 否 | AJ63: 2004002 | AK63: 在职
A64: 合同管理部 | B64: 台庆庆 | C64: 女 | D64: 340403198406121626 | E64: 专业工程师 | F64: 1984-06 | G64: 41 | H64: 2003-08-01 | I64: 2003-08-01 | J64: 专业技术 | K64: 安徽省六安市霍邱县 | L64: 18761615971 | M64: 中专 | N64: 电气 | O64: 安徽淮南化校 | P64: 2003-09-01 | Q64: 股东 | R64: 干部 | S64: 群众 | T64: 陈苏宁 | U64: 陈苏宁 | V64: 管理创新研究室 | W64: 2025-12-26 16:53:18 | X64: 2026-03-20 17:34:14 | Y64: 已生效 | Z64: 南京南化建设有限公司 | AA64: 江苏省 南京市 六合区 大厂扬子二村 | AB64: 是 | AC64: 是 | AD64: 是 | AF64: 合同管理部 | AG64: 7A3D7AA3-65AB-9337-679A-C8AC5E6837E5 | AH64: 否 | AJ64: 2003010 | AK64: 在职
A65: 项目管理公司 | B65: 胡恒 | C65: 男 | D65: 320112197903190456 | E65: 专业工程师 | F65: 1979-03 | G65: 46 | H65: 2004-08-01 | I65: 2004-08-01 | J65: 专业技术 | L65: 18914739488 | M65: 大专 | N65: 仪表 | O65: 华中理工大学 | P65: 2006-07-01 | Q65: 股东 | R65: 干部 | S65: 群众 | T65: 陈苏宁 | U65: 陈苏宁 | V65: 管理创新研究室 | W65: 2025-12-26 16:53:18 | X65: 2026-03-23 14:37:33 | Y65: 已生效 | Z65: 南京南化建设有限公司 | AA65: 江苏省 南京市 鼓楼区 场门口小区 | AB65: 是 | AC65: 是 | AD65: 是 | AF65: 合同管理部 | AG65: B3280803-7494-91CC-8DBA-EA08E66D1138 | AH65: 否 | AJ65: 2004003 | AK65: 在职
A66: 项目管理公司 | B66: 姚罗 | C66: 男 | D66: 340403198409062211 | E66: 专业工程师 | F66: 1984-09 | G66: 41 | H66: 2003-08-01 | I66: 2003-08-01 | J66: 专业技术 | K66: 安徽省淮南市 | L66: 13956444276 | M66: 本科 | N66: 安全员 | O66: 淮南化校 | P66: 2003-07-01 | Q66: 股东 | R66: 干部 | S66: 群众 | T66: 陈苏宁 | U66: 陈苏宁 | V66: 管理创新研究室 | W66: 2025-12-26 16:53:18 | X66: 2026-03-23 14:37:35 | Y66: 已生效 | Z66: 南京南化建设有限公司 | AA66: 安徽省 淮南市 田家庵区 向阳路31—190 | AB66: 是 | AC66: 是 | AD66: 是 | AF66: 合同管理部 | AG66: 0E001364-B0D2-6B91-0EF3-FC02D8F84FE4 | AH66: 否 | AJ66: 2003018 | AK66: 在职
A67: 资产财务部 | B67: 尚媚菊 | C67: 女 | D67: 340403198406241222 | E67: 业务主管 | F67: 1984-06 | G67: 41 | H67: 2003-08-07 | I67: 2003-08-07 | J67: 专业技术 | L67: 13813035048 | M67: 中专 | N67: 会计 | O67: 淮南化校 | P67: 2003-07-01 | Q67: 股东 | R67: 干部 | S67: 群众 | T67: 陈苏宁 | U67: 陈苏宁 | V67: 管理创新研究室 | W67: 2025-12-26 16:53:18 | X67: 2026-03-20 17:34:39 | Y67: 已生效 | Z67: 南京南化建设有限公司 | AA67: 江苏省 南京市 浦口区 正荣润江城 | AB67: 是 | AC67: 是 | AD67: 否 | AF67: 资产财务部 | AG67: 52E29344-F605-3CA9-8A4D-8BC659203234 | AH67: 否 | AJ67: 2003008 | AK67: 在职
A68: 审计部 | B68: 孙艳强 | C68: 男 | D68: 131102198201061016 | E68: 中层正职(一类) | F68: 1982-01 | G68: 43 | H68: 2005-08-30 | I68: 2005-08-30 | J68: 经营管理 | L68: 13337727476 | M68: 本科 | N68: 会计 | P68: 2020-02-20 | Q68: 股东 | R68: 干部 | S68: 群众 | T68: 陈苏宁 | U68: 陈苏宁 | V68: 管理创新研究室 | W68: 2025-12-26 16:53:17 | X68: 2026-05-07 10:32:21 | Y68: 已生效 | Z68: 南京南化建设有限公司 | AB68: 否 | AC68: 是 | AD68: 否 | AE68: 王勇 | AF68: 资产财务部 | AG68: BF48FF0E-A0A3-DE35-24F7-A9445D63611B | AH68: 否 | AJ68: 2005021 | AK68: 在职
A69: 市场开发部 | B69: 冯加东 | C69: 男 | D69: 342222198207022836 | E69: 中层副职(一类) | F69: 1982-07 | G69: 43 | H69: 2005-08-15 | I69: 2005-08-15 | J69: 经营管理 | K69: 安徽省宿州市萧县 | L69: 13813033003 | M69: 本科 | N69: 仪表 | O69: 安徽理工大学 | P69: 2005-07-01 | Q69: 股东 | R69: 干部 | S69: 群众 | T69: 陈苏宁 | U69: 陈苏宁 | V69: 管理创新研究室 | W69: 2025-12-26 16:53:17 | X69: 2026-03-20 17:34:52 | Y69: 已生效 | Z69: 南京南化建设有限公司 | AA69: 江苏省 南京市 六合区 阿尔卡迪亚A栋211 | AB69: 是 | AC69: 是 | AD69: 是 | AE69: 黄可中 | AF69: 市场开发部 | AG69: 922D5602-A913-EFD3-ED2D-795041A01420 | AH69: 否 | AJ69: 2005010 | AK69: 在职
A70: 合同管理部 | B70: 赵振兴 | C70: 男 | D70: 341225198204080094 | E70: 专业工程师 | F70: 1982-04 | G70: 43 | H70: 2004-08-04 | I70: 2004-08-04 | J70: 专业技术 | K70: 安徽省阜阳市阜南县 | L70: 18921447275 | M70: 大专 | N70: 自动化 | O70: 安徽理工大学 | P70: 2004-07-01 | Q70: 股东 | R70: 干部 | S70: 群众 | T70: 陈苏宁 | U70: 陈苏宁 | V70: 管理创新研究室 | W70: 2025-12-26 16:53:17 | X70: 2026-03-20 17:35:13 | Y70: 已生效 | Z70: 南京南化建设有限公司 | AA70: 江苏省 南京市 六合区 大厂街道阿尔卡迪亚天权苑 | AB70: 是 | AC70: 是 | AD70: 是 | AF70: 合同管理部 | AG70: BC5ED495-49D8-054C-22F9-1E739109D03E | AH70: 否 | AJ70: 2004014 | AK70: 在职
A71: 人力资源部 | B71: 李军 | C71: 男 | D71: 340826198112124430 | E71: 副总师 | F71: 1981-12 | G71: 44 | H71: 2005-08-05 | I71: 2005-08-05 | J71: 经营管理 | L71: 13913929347 | M71: 本科 | O71: 安徽理工大学 | P71: 2005-07-01 | Q71: 股东 | R71: 干部 | S71: 群众 | T71: 陈苏宁 | U71: 陈苏宁 | V71: 管理创新研究室 | W71: 2025-12-26 16:53:17 | X71: 2026-05-07 10:32:21 | Y71: 已生效 | Z71: 南京南化建设有限公司 | AB71: 否 | AC71: 是 | AD71: 是 | AE71: 甘继荣 | AF71: 人力资源部 | AG71: D51AC04F-262D-474A-9598-0136F9B70A81 | AH71: 否 | AJ71: 2005017 | AK71: 在职
A72: 市场开发部 | B72: 鲍玮玮 | C72: 女 | D72: 342129198311270820 | E72: 中层副职(一类) | F72: 1983-11 | G72: 42 | H72: 2005-08-02 | I72: 2005-08-02 | J72: 经营管理 | K72: 安徽省阜阳市界首市 | L72: 15851827168 | M72: 本科 | N72: 土建 | O72: 安徽理工大学 | P72: 2005-06-30 | Q72: 股东 | R72: 干部 | S72: 党员 | T72: 陈苏宁 | U72: 陈苏宁 | V72: 管理创新研究室 | W72: 2025-12-26 16:53:17 | X72: 2026-03-20 17:35:22 | Y72: 已生效 | Z72: 南京南化建设有限公司 | AA72: 江苏省 南京市 浦口区 旭日上城一区 | AB72: 是 | AC72: 是 | AD72: 是 | AE72: 黄可中 | AF72: 市场开发部 | AG72: 2EDB2828-3E14-2FA4-618C-3F439BA0B027 | AH72: 否 | AJ72: 2005001 | AK72: 在职
A73: 物资部 | B73: 范磊 | C73: 男 | D73: 34212919820817761X | E73: 中层正职(一类) | F73: 1982-08 | G73: 43 | H73: 2005-08-20 | I73: 2005-08-20 | J73: 经营管理 | K73: 安徽省阜阳市界首市 | L73: 13813351476 | M73: 大专 | N73: 其他 | O73: 安徽理工大学 | P73: 2005-07-01 | Q73: 股东 | R73: 干部 | S73: 党员 | T73: 陈苏宁 | U73: 陈苏宁 | V73: 管理创新研究室 | W73: 2025-12-26 16:53:17 | X73: 2026-03-20 17:35:24 | Y73: 已生效 | Z73: 南京南化建设有限公司 | AA73: 江苏省 南京市 江宁区 秣陵街道兰台街99号 | AB73: 是 | AC73: 是 | AD73: 是 | AE73: 方向前 | AF73: 物资部 | AG73: D6B91CF8-7DA3-9602-236C-E9ADC01440E1 | AH73: 否 | AJ73: 2005009 | AK73: 在职
A74: 信息化中心 | B74: 汪平 | C74: 男 | D74: 321183198212251337 | E74: 中层副职(一类) | F74: 1982-12 | G74: 43 | H74: 2005-08-09 | I74: 2005-08-09 | J74: 经营管理 | K74: 江苏省镇江市句容市 | L74: 18502535239 | M74: 本科 | N74: 电气 | O74: 淮阴工学院 | P74: 2005-06-30 | Q74: 股东 | R74: 干部 | S74: 群众 | T74: 陈苏宁 | U74: 陈苏宁 | V74: 管理创新研究室 | W74: 2025-12-26 16:53:17 | X74: 2026-03-20 17:35:27 | Y74: 已生效 | Z74: 南京南化建设有限公司 | AA74: 江苏省 南京市 浦口区 泰山新村街道明发滨江新城 | AB74: 是 | AC74: 是 | AD74: 是 | AE74: 王雄飞 | AF74: 信息化中心 | AG74: C639F454-2AA0-53F8-F04A-92E5FE81C9D7 | AH74: 否 | AJ74: 2005024 | AK74: 在职
A75: 市场开发部 | B75: 李兰兰 | C75: 女 | D75: 340323198206144727 | E75: 主管工程师 | F75: 1982-06 | G75: 43 | H75: 2005-08-01 | I75: 2005-08-01 | J75: 专业技术 | K75: 安徽省蚌埠市固镇县 | L75: 13813929701 | M75: 大专 | N75: 化机 | O75: 安徽理工大学 | P75: 2005-07-01 | Q75: 股东 | R75: 干部 | S75: 党员 | T75: 陈苏宁 | U75: 陈苏宁 | V75: 管理创新研究室 | W75: 2025-12-26 16:53:17 | X75: 2026-03-20 17:35:28 | Y75: 已生效 | Z75: 南京南化建设有限公司 | AA75: 江苏省 南京市 六合区 大厂 | AB75: 是 | AC75: 是 | AD75: 是 | AF75: 市场开发部 | AG75: F6208A9A-EDE2-293D-A7A8-0588BE904365 | AH75: 否 | AJ75: 2005018 | AK75: 在职
A76: 市场开发部 | B76: 高塽 | C76: 女 | D76: 320682198411252201 | E76: 专业工程师 | F76: 1984-11 | G76: 41 | H76: 2005-08-20 | I76: 2005-08-20 | J76: 专业技术 | K76: 江苏省南通市如皋市 | L76: 13813399562 | M76: 大专 | N76: 仪表 | O76: 南京化工职业技术学院 | P76: 2005-07-01 | Q76: 股东 | R76: 干部 | T76: 陈苏宁 | U76: 陈苏宁 | V76: 管理创新研究室 | W76: 2025-12-26 16:53:17 | X76: 2026-03-20 17:35:31 | Y76: 已生效 | Z76: 南京南化建设有限公司 | AA76: 江苏省 南京市 浦口区 天润城七街区31-205 | AB76: 是 | AC76: 是 | AD76: 是 | AF76: 市场开发部 | AG76: 71ACECD8-F415-E02E-2AEA-AA39C64C2B7C | AH76: 否 | AJ76: 2005013 | AK76: 在职
A77: 物资部 | B77: 邢冬梅 | C77: 女 | D77: 342622198110026840 | E77: 主管工程师 | F77: 1981-10 | G77: 44 | H77: 2004-08-02 | I77: 2004-08-02 | J77: 专业技术 | K77: 安徽省巢湖市庐江县 | L77: 15951621936 | M77: 中专 | O77: 徐州工业学校 | P77: 2000-07-01 | Q77: 股东 | R77: 干部 | S77: 群众 | T77: 陈苏宁 | U77: 陈苏宁 | V77: 管理创新研究室 | W77: 2025-12-26 16:53:17 | X77: 2026-03-20 17:35:31 | Y77: 已生效 | Z77: 南京南化建设有限公司 | AA77: 江苏省 南京市 六合区 腾泰雅苑 | AB77: 是 | AC77: 是 | AD77: 是 | AF77: 物资部 | AG77: 607B30E2-E7A7-4134-7C13-941AE14E4C42 | AH77: 否 | AJ77: 2004011 | AK77: 在职
A78: 综合办公室 | B78: 吴利云 | C78: 女 | D78: 341225198103031920 | E78: 副高级业务主管 | F78: 1981-03 | G78: 44 | H78: 2005-08-01 | I78: 2005-08-01 | J78: 专业技术 | K78: 安徽省阜阳市阜南县 | L78: 18921448648 | M78: 大专 | N78: 其他 | O78: 安徽省铜陵职业技术学院 | P78: 2004-07-01 | Q78: 股东 | R78: 干部 | S78: 群众 | T78: 陈苏宁 | U78: 陈苏宁 | V78: 管理创新研究室 | W78: 2025-12-26 16:53:17 | X78: 2026-03-23 14:37:40 | Y78: 已生效 | Z78: 南京南化建设有限公司 | AA78: 江苏省 南京市 六合区 阿尔卡迪亚天权苑 | AB78: 是 | AC78: 是 | AD78: 是 | AF78: 经理办公室 | AG78: CD91008D-0324-319F-CD2F-11D8F343DDB2 | AH78: 否 | AJ78: 2005029 | AK78: 在职
A79: 市场开发部 | B79: 夏凤琴 | C79: 女 | D79: 341221198101304125 | E79: 专业工程师 | F79: 1981-01 | G79: 44 | H79: 2004-08-05 | I79: 2004-08-05 | J79: 专业技术 | K79: 安徽省阜阳市临泉县 | L79: 13585196845 | M79: 大专 | O79: 安徽理工大学 | P79: 2004-07-01 | Q79: 股东 | R79: 干部 | S79: 群众 | T79: 陈苏宁 | U79: 陈苏宁 | V79: 管理创新研究室 | W79: 2025-12-26 16:53:17 | X79: 2026-03-20 17:35:48 | Y79: 已生效 | Z79: 南京南化建设有限公司 | AA79: 江苏省 南京市 浦口区 盘锦花园 | AB79: 是 | AC79: 是 | AD79: 是 | AF79: 市场开发部 | AG79: DC45C453-4A43-70CD-9A84-9BC0970299B5 | AH79: 否 | AJ79: 2004010 | AK79: 在职
A80: 市场开发部 | B80: 李鑫 | C80: 男 | D80: 320112198310290018 | E80: 专业工程师 | F80: 1983-10 | G80: 42 | H80: 2005-08-27 | I80: 2005-08-27 | J80: 专业技术 | K80: 江苏省南京市 | L80: 13951873923 | M80: 大专 | N80: 土建 | O80: 金肯学院 | P80: 2005-07-01 | Q80: 股东 | R80: 干部 | S80: 群众 | T80: 陈苏宁 | U80: 陈苏宁 | V80: 管理创新研究室 | W80: 2025-12-26 16:53:17 | X80: 2026-03-20 17:35:49 | Y80: 已生效 | Z80: 南京南化建设有限公司 | AA80: 江苏省 南京市 六合区 阿尔卡迪亚D13-103 | AB80: 是 | AC80: 是 | AD80: 是 | AF80: 市场开发部 | AG80: E0942DFC-E811-69F4-7EB0-ACC683EEF3CC | AH80: 否 | AJ80: 2005019 | AK80: 在职
A81: 物资部 | B81: 吴玲梅 | C81: 女 | D81: 340825198412221922 | E81: 业务主管 | F81: 1984-12 | G81: 41 | H81: 2007-08-01 | I81: 2007-08-01 | J81: 专业技术 | K81: 安徽省安庆市太湖县 | L81: 13770815881 | M81: 本科 | N81: 材料员 | O81: 安徽理工大学 | P81: 2007-07-01 | Q81: 股东 | R81: 干部 | S81: 党员 | T81: 陈苏宁 | U81: 陈苏宁 | V81: 管理创新研究室 | W81: 2025-12-26 16:53:16 | X81: 2026-03-20 17:35:56 | Y81: 已生效 | Z81: 南京南化建设有限公司 | AA81: 江苏省 南京市 六合区 | AB81: 是 | AC81: 是 | AD81: 是 | AF81: 物资部 | AG81: 77C288A0-95B2-2412-94EB-48E65FCC05B6 | AH81: 否 | AJ81: 2007008 | AK81: 在职
A82: 合同管理部 | B82: 付海翔 | C82: 男 | D82: 320112198607210437 | E82: 专业工程师 | F82: 1986-07 | G82: 39 | H82: 2007-08-01 | I82: 2007-08-01 | J82: 专业技术 | K82: 山东省潍坊市临朐县 | L82: 17749513238 | M82: 大专 | N82: 电气 | O82: 钟山职业技术学院 | P82: 2007-07-01 | Q82: 股东 | R82: 干部 | S82: 团员 | T82: 陈苏宁 | U82: 陈苏宁 | V82: 管理创新研究室 | W82: 2025-12-26 16:53:16 | X82: 2026-03-20 17:35:56 | Y82: 已生效 | Z82: 南京南化建设有限公司 | AA82: 江苏省 南京市 六合区 大厂街道化建新村17-102 | AB82: 是 | AC82: 是 | AD82: 是 | AF82: 合同管理部 | AG82: B5A7C124-0771-4DB1-CA1A-088BE5548471 | AH82: 否 | AJ82: 2007002 | AK82: 在职
A83: HSE部 | B83: 刘少兵 | C83: 男 | D83: 320924198511256114 | E83: 副总师 | F83: 1985-11 | G83: 40 | H83: 2007-08-01 | I83: 2007-08-01 | J83: 经营管理 | K83: 江苏省盐城市射阳县 | L83: 13770812382 | M83: 本科 | O83: 南京工业大学 | P83: 2007-07-01 | Q83: 股东 | R83: 干部 | S83: 预备党员 | T83: 陈苏宁 | U83: 陈苏宁 | V83: 管理创新研究室 | W83: 2025-12-26 16:53:16 | X83: 2026-03-20 17:36:00 | Y83: 已生效 | Z83: 南京南化建设有限公司 | AA83: 江苏省 南京市 六合区 大厂兰亭苑 | AB83: 是 | AC83: 是 | AD83: 是 | AE83: 方向前 | AF83: HSE部 | AG83: 6E9274AC-4853-E5C3-1FAF-B668D967C670 | AH83: 否 | AJ83: 2007003 | AK83: 在职
A84: 项目管理公司 | B84: 陈以吉 | C84: 男 | D84: 362323198608097535 | E84: 中层副职(一类) | F84: 1986-08 | G84: 39 | H84: 2008-08-05 | I84: 2008-08-05 | J84: 经营管理 | K84: 江西省上饶市玉山县 | L84: 13813016503 | M84: 本科 | N84: 过控 | O84: 江苏工业学院 | P84: 2008-07-01 | Q84: 股东 | R84: 干部 | S84: 群众 | T84: 陈苏宁 | U84: 陈苏宁 | V84: 管理创新研究室 | W84: 2025-12-26 16:53:16 | X84: 2026-03-23 14:37:41 | Y84: 已生效 | Z84: 南京南化建设有限公司 | AA84: 江苏省 南京市 浦口区 江苏省南京市浦口区天华北路2号 | AB84: 是 | AC84: 是 | AD84: 是 | AE84: 周小明 | AF84: 合同管理部 | AG84: 2742202E-7291-E928-3EB4-697D92F686B9 | AH84: 否 | AJ84: 2008002 | AK84: 在职
A85: 物资部 | B85: 卞晓芳 | C85: 女 | D85: 320112198401060824 | E85: 中层正职级(一类) | F85: 1984-01 | G85: 41 | H85: 2009-12-01 | I85: 2009-12-01 | J85: 经营管理 | K85: 江苏省南京市六合区 | L85: 15895811599 | M85: 本科 | N85: 材料员 | O85: 江苏大学 | P85: 2007-07-01 | Q85: 股东 | R85: 干部 | S85: 群众 | T85: 陈苏宁 | U85: 陈苏宁 | V85: 管理创新研究室 | W85: 2025-12-26 16:53:16 | X85: 2026-03-20 17:36:07 | Y85: 已生效 | Z85: 南京南化建设有限公司 | AA85: 江苏省 南京市 六合区 大厂街道福基旭东新城 | AB85: 是 | AC85: 是 | AD85: 是 | AE85: 方向前 | AF85: 物资部 | AG85: 9BFAA301-7B57-F63A-CADA-0969F8EDC66C | AH85: 否 | AJ85: 2009001 | AK85: 在职
A86: 综合办公室 | B86: 孙璐 | C86: 女 | D86: 320112198309230421 | E86: 中层副职(一类) | F86: 1983-09 | G86: 42 | H86: 2008-06-01 | I86: 2008-06-01 | J86: 经营管理 | K86: 安徽省宿州市灵璧县 | L86: 13813009950 | M86: 本科 | N86: 其他 | O86: 南京信息工程大学 | P86: 2006-07-01 | Q86: 股东 | R86: 干部 | S86: 党员 | T86: 陈苏宁 | U86: 陈苏宁 | V86: 管理创新研究室 | W86: 2025-12-26 16:53:16 | X86: 2026-03-23 14:37:44 | Y86: 已生效 | Z86: 南京南化建设有限公司 | AA86: 江苏省 南京市 六合区 化建新一村51-406 | AB86: 是 | AC86: 是 | AD86: 是 | AE86: 甘继荣 | AF86: 经理办公室 | AG86: 55E2BAC7-C322-57FE-78D3-B4DFD30FFC34 | AH86: 否 | AJ86: 2008007 | AK86: 在职
A87: 合同管理部 | B87: 杨蕊 | C87: 女 | D87: 131024198401137225 | E87: 专业工程师 | F87: 1984-01 | G87: 41 | H87: 2007-08-01 | I87: 2007-08-01 | J87: 专业技术 | K87: 河北省廊坊市香河县 | L87: 15951784026 | M87: 本科 | N87: 过控 | O87: 江苏工业学院 | P87: 2007-06-30 | Q87: 股东 | R87: 干部 | S87: 党员 | T87: 陈苏宁 | U87: 陈苏宁 | V87: 管理创新研究室 | W87: 2025-12-26 16:53:16 | X87: 2026-03-20 17:36:16 | Y87: 已生效 | Z87: 南京南化建设有限公司 | AA87: 江苏省 南京市 六合区 大厂阿尔卡迪亚 | AB87: 是 | AC87: 是 | AD87: 是 | AF87: 合同管理部 | AG87: D327A9EE-525B-73DA-7A54-A7F7D7C9DC93 | AH87: 否 | AJ87: 2007009 | AK87: 在职
A88: 资产财务部 | B88: 杨燕 | C88: 女 | D88: 32058619880622212x | E88: 专业工程师 | F88: 1988-06 | G88: 37 | H88: 2010-08-19 | I88: 2010-08-19 | J88: 专业技术 | L88: 15050573061 | M88: 本科 | N88: 会计 | O88: 苏州卫生职业技术学院 | P88: 2010-07-01 | Q88: 股东 | R88: 干部 | S88: 党员 | T88: 陈苏宁 | U88: 陈苏宁 | V88: 管理创新研究室 | W88: 2025-12-26 16:53:15 | X88: 2026-03-20 17:36:43 | Y88: 已生效 | Z88: 南京南化建设有限公司 | AA88: 江苏省 南京市 六合区 兰亭苑 | AB88: 是 | AC88: 是 | AD88: 否 | AF88: 资产财务部 | AG88: C0BC63A3-9710-6449-36ED-836D55F23E24 | AH88: 否 | AJ88: 2010042 | AK88: 在职
A89: 技术质量部 | B89: 虞婷 | C89: 女 | D89: 320102198604260022 | E89: 专业工程师 | F89: 1986-04 | G89: 39 | H89: 2009-08-17 | I89: 2009-08-17 | J89: 专业技术 | K89: 江苏省常州市 | L89: 17788380697 | M89: 大专 | N89: 土建 | O89: 江苏省广播电视大学 | P89: 2007-07-01 | Q89: 股东 | R89: 干部 | S89: 党员 | T89: 陈苏宁 | U89: 陈苏宁 | V89: 管理创新研究室 | W89: 2025-12-26 16:53:15 | X89: 2026-03-20 17:36:49 | Y89: 已生效 | Z89: 南京南化建设有限公司 | AA89: 江苏省 南京市 浦口区 雅居乐滨江国际三期10幢2606室 | AB89: 是 | AC89: 是 | AD89: 是 | AF89: 技术质量部 | AG89: 188BA660-C400-65C5-CE92-CABB772E018A | AH89: 否 | AJ89: 2009024 | AK89: 在职
A90: 海外事业部 | B90: 王胡玲 | C90: 女 | D90: 340826198504185822 | E90: 中层副职(一类) | F90: 1985-04 | G90: 40 | H90: 2009-08-25 | I90: 2009-08-25 | J90: 经营管理 | K90: 安徽省安庆市宿松县 | L90: 15951620529 | M90: 本科 | N90: 翻译 | O90: 安徽建筑工业学院 | P90: 2007-07-01 | Q90: 股东 | R90: 干部 | S90: 群众 | T90: 陈苏宁 | U90: 陈苏宁 | V90: 管理创新研究室 | W90: 2025-12-26 16:53:15 | X90: 2026-03-20 17:36:49 | Y90: 已生效 | Z90: 南京南化建设有限公司 | AA90: 江苏省 南京市 浦口区 旭日爱上城一区3-1605 | AB90: 是 | AC90: 是 | AD90: 是 | AE90: 郭晓瑙 | AF90: 海外事业部 | AG90: 1C3CB41B-CD5E-23F0-49A0-6CA3544BD81D | AH90: 否 | AJ90: 2009019 | AK90: 在职
A91: 公司领导 | B91: 夏斐 | C91: 男 | D91: 352202198807250011 | E91: 副总经理 | F91: 1988-07 | G91: 37 | H91: 2010-08-13 | I91: 2010-08-13 | J91: 经营管理 | L91: 15301585299 | M91: 本科 | N91: 土建 | O91: 合肥工业大学 | P91: 2010-07-01 | Q91: 股东 | R91: 干部 | S91: 群众 | T91: 陈苏宁 | U91: 陈苏宁 | V91: 管理创新研究室 | W91: 2025-12-26 16:53:15 | X91: 2026-03-20 17:36:53 | Y91: 已生效 | Z91: 南京南化建设有限公司 | AB91: 否 | AC91: 是 | AD91: 是 | AF91: 公司领导 | AG91: 4C51310C-7027-E840-6A5A-8E910590EB19 | AH91: 否 | AJ91: 2010039 | AK91: 在职
A92: 海外事业部 | B92: 杨知文 | C92: 男 | D92: 320125198909151753 | E92: 中层副职(一类) | F92: 1989-09 | G92: 36 | H92: 2009-08-18 | I92: 2009-08-18 | J92: 经营管理 | K92: 江苏省南京市高淳县 | L92: 13585168162 | M92: 大专 | N92: 仪表 | O92: 江苏信息职业技术学院 | P92: 2008-07-01 | Q92: 股东 | R92: 干部 | S92: 群众 | T92: 陈苏宁 | U92: 陈苏宁 | V92: 管理创新研究室 | W92: 2025-12-26 16:53:15 | X92: 2026-05-07 10:32:29 | Y92: 已生效 | Z92: 南京南化建设有限公司 | AA92: 江苏省 南京市 高淳区 碧桂园 | AB92: 是 | AC92: 是 | AD92: 是 | AE92: 邢振华 | AF92: 第十六分公司 | AG92: 8EA035B4-7295-08CC-AF2E-DC2FA663CD1D | AH92: 否 | AJ92: 2009023 | AK92: 在职
A93: 资产财务部 | B93: 郑兴文 | C93: 男 | D93: 320826198611270834 | E93: 业务主管 | F93: 1986-11 | G93: 39 | H93: 2009-08-11 | I93: 2009-08-11 | J93: 专业技术 | L93: 13952062336 | M93: 本科 | N93: 会计 | O93: 南京工业大学 | P93: 2009-07-01 | Q93: 股东 | R93: 干部 | S93: 群众 | T93: 陈苏宁 | U93: 陈苏宁 | V93: 管理创新研究室 | W93: 2025-12-26 16:53:15 | X93: 2026-03-20 17:36:57 | Y93: 已生效 | Z93: 南京南化建设有限公司 | AA93: 江苏省 南京市 六合区 杨新路229号 | AB93: 是 | AC93: 是 | AD93: 是 | AF93: 资产财务部 | AG93: B4CE359A-55EA-F54B-FFDC-5C03A1AE2614 | AH93: 否 | AJ93: 2009028 | AK93: 在职
A94: 综合办公室 | B94: 陈洁 | C94: 女 | D94: 32128419880520022X | E94: 专业工程师 | F94: 1988-05 | G94: 37 | H94: 2010-08-02 | I94: 2010-08-02 | J94: 专业技术 | K94: 江苏省泰州市姜堰市 | L94: 17372957615 | M94: 本科 | N94: 化机 | O94: 淮海工学院 | P94: 2010-07-01 | Q94: 股东 | R94: 干部 | S94: 党员 | T94: 陈苏宁 | U94: 陈苏宁 | V94: 管理创新研究室 | W94: 2025-12-26 16:53:15 | X94: 2026-03-23 14:37:53 | Y94: 已生效 | Z94: 南京南化建设有限公司 | AA94: 江苏省 南京市 浦口区 | AB94: 是 | AC94: 是 | AD94: 是 | AF94: 经理办公室 | AG94: 9C23AE03-2E5E-4F61-85DD-73A280B990CC | AH94: 否 | AJ94: 2010002 | AK94: 在职
A95: 技术质量部 | B95: 罗颖 | C95: 女 | D95: 360203198401213524 | E95: 中层副职(一类) | F95: 1984-01 | G95: 41 | H95: 2010-08-14 | I95: 2010-08-14 | J95: 经营管理 | L95: 15996462921 | M95: 硕士 | N95: 安全员 | O95: 江苏大学 | P95: 2010-07-01 | Q95: 股东 | R95: 干部 | S95: 党员 | T95: 陈苏宁 | U95: 陈苏宁 | V95: 管理创新研究室 | W95: 2025-12-26 16:53:15 | X95: 2026-03-20 17:37:04 | Y95: 已生效 | Z95: 南京南化建设有限公司 | AA95: 江苏省 南京市 六合区 | AB95: 是 | AC95: 是 | AD95: 是 | AE95: 王雄飞 | AF95: 技术质量部 | AG95: 50DC0644-5F77-90DB-3A5D-A9D0E76EB3FB | AH95: 否 | AJ95: 2010021 | AK95: 在职
A96: 项目管理公司 | B96: 陈小会 | C96: 男 | D96: 610602198706082219 | E96: 中层副职(一类) | F96: 1987-06 | G96: 38 | H96: 2010-08-04 | I96: 2010-08-04 | J96: 经营管理 | K96: 陕西省延安市宝塔区 | L96: 15951799756 | M96: 本科 | N96: 电气 | O96: 江苏大学 | P96: 2010-06-10 | Q96: 股东 | R96: 干部 | S96: 群众 | T96: 陈苏宁 | U96: 陈苏宁 | V96: 管理创新研究室 | W96: 2025-12-26 16:53:15 | X96: 2026-03-23 14:37:54 | Y96: 已生效 | Z96: 南京南化建设有限公司 | AA96: 江苏省 南京市 六合区 江苏省南京市六合区杨庄北村8-602 | AB96: 是 | AC96: 是 | AD96: 是 | AE96: 周小明 | AF96: 合同管理部 | AG96: F4D185D4-BC72-49CD-F7EE-B091C8832ADD | AH96: 否 | AJ96: 2010003 | AK96: 在职
A97: 市场开发部 | B97: 韩雨 | C97: 男 | D97: 341224198505055339 | E97: 中层正职(一类) | F97: 1985-05 | G97: 40 | H97: 2009-08-01 | I97: 2009-08-01 | J97: 经营管理 | K97: 安徽省亳州市蒙城县 | L97: 18652030663 | M97: 本科 | N97: 化机 | O97: 安徽理工大学 | P97: 2009-07-01 | Q97: 股东 | R97: 干部 | S97: 群众 | T97: 陈苏宁 | U97: 陈苏宁 | V97: 管理创新研究室 | W97: 2025-12-26 16:53:15 | X97: 2026-03-20 17:37:08 | Y97: 已生效 | Z97: 南京南化建设有限公司 | AA97: 江苏省 南京市 六合区 草芳路600号 | AB97: 是 | AC97: 是 | AD97: 是 | AE97: 黄可中 | AF97: 市场开发部 | AG97: 62227C16-7073-E58D-4F85-C84D34F63CCF | AH97: 否 | AJ97: 2009007 | AK97: 在职
A98: 信息化中心 | B98: 汪艳玲 | C98: 女 | D98: 34081119870822514X | E98: 专业工程师 | F98: 1987-08 | G98: 38 | H98: 2009-08-04 | I98: 2009-08-04 | J98: 专业技术 | K98: 安徽省安庆市怀宁县 | L98: 17351772387 | M98: 本科 | N98: 化机 | O98: 安徽理工大学 | P98: 2009-07-01 | Q98: 股东 | R98: 干部 | S98: 党员 | T98: 陈苏宁 | U98: 陈苏宁 | V98: 管理创新研究室 | W98: 2025-12-26 16:53:15 | X98: 2026-03-20 17:37:12 | Y98: 已生效 | Z98: 南京南化建设有限公司 | AA98: 江苏省 南京市 浦口区 雅居乐滨江国际 | AB98: 是 | AC98: 是 | AD98: 是 | AF98: 信息化中心 | AG98: 711718CB-4857-E634-363E-81F9FDEA3A4D | AH98: 否 | AJ98: 2009016 | AK98: 在职
A99: 市场开发部 | B99: 何永欣 | C99: 男 | D99: 150402198710161110 | E99: 中层副职(一类) | F99: 1987-10 | G99: 38 | H99: 2010-08-20 | I99: 2010-08-20 | J99: 经营管理 | K99: 辽宁省朝阳市凌源市 | L99: 15996320305 | M99: 本科 | N99: 化机 | O99: 南京工业大学 | P99: 2010-07-01 | Q99: 股东 | R99: 干部 | S99: 群众 | T99: 陈苏宁 | U99: 陈苏宁 | V99: 管理创新研究室 | W99: 2025-12-26 16:53:15 | X99: 2026-03-20 17:37:19 | Y99: 已生效 | Z99: 南京南化建设有限公司 | AB99: 否 | AC99: 是 | AD99: 否 | AE99: 黄可中 | AF99: 市场开发部 | AG99: 51D86ADF-FC56-0E5A-0C18-C643861DC501 | AH99: 否 | AJ99: 2010009 | AK99: 在职
A100: 海外事业部 | B100: 刘晨 | C100: 男 | D100: 320112198706111610 | E100: 中层副职(一类) | F100: 1987-06 | G100: 38 | H100: 2009-08-23 | I100: 2009-08-23 | J100: 经营管理 | K100: 江苏省南京市六合区 | L100: 18751817570 | M100: 本科 | N100: 土建 | O100: 南京工业大学 | P100: 2009-06-30 | Q100: 股东 | R100: 干部 | S100: 党员 | T100: 陈苏宁 | U100: 陈苏宁 | V100: 管理创新研究室 | W100: 2025-12-26 16:53:15 | X100: 2026-03-23 14:37:56 | Y100: 已生效 | Z100: 南京南化建设有限公司 | AA100: 江苏省 南京市 六合区 大厂街道铭望府2栋2104 | AB100: 是 | AC100: 是 | AD100: 是 | AE100: 黄可中 | AF100: 市场开发部 | AG100: 1BCF9941-A794-A3C1-5108-2E7D3E01F738 | AH100: 否 | AJ100: 2009010 | AK100: 在职
...
